"","ID","chrom","loc.start","loc.end","num.mark","seg.mean","SampleID","type"
"20","X169",9,123968974,123985348,3,4.2746,169,"duplication"
"24","X169",11,81449443,81726997,45,-5.6204,169,"deletion"
"29","X169",14,106259769,106472726,10,2.2672,169,"duplication"
"34","X169",17,67160148,67169500,3,-6.4549,169,"deletion"
"39","X169",18,41769943,41782602,3,-4.4842,169,"deletion"
"44","X169",19,54710838,54711981,3,4.5585,169,"duplication"
"47","X169",20,62318220,62319464,3,7.5487,169,"duplication"
"51","X169",22,22418813,23113935,74,2.0512,169,"duplication"
"59","X170",2,187410817,187481835,7,3.3889,170,"duplication"
"62","X170",3,60831012,60908013,9,-7.4408,170,"deletion"
"64","X170",3,87380025,87382711,3,-7.363,170,"deletion"
"72","X170",7,76289033,76561369,25,-4.7863,170,"deletion"
"79","X170",10,4296494,4308535,7,-7.0448,170,"deletion"
"95","X170",18,45680281,45682839,3,5.9594,170,"duplication"
"99","X170",20,55408853,55421778,12,-5.606,170,"deletion"
"105","X170",22,23174622,23262162,11,-9.3418,170,"deletion"
"110","X170",23,144645472,144674621,6,3.4605,170,"duplication"
"116","X171",2,217475199,217477806,4,-12.7946,171,"deletion"
"132","X171",6,29909205,29909840,3,6.098,171,"duplication"
"152","X171",12,52699829,52788012,44,2.3211,171,"duplication"
"154","X171",12,115029554,115035463,3,3.8306,171,"duplication"
"158","X171",14,106259769,106709860,17,-8.0199,171,"deletion"
"179","X171",19,54550487,54551098,4,-10.2541,171,"deletion"
"181","X171",19,54795913,54800371,9,-11.2361,171,"deletion"
"190","X172",1,149670474,149680262,3,-4.8657,172,"deletion"
"193","X172",2,83250741,83845469,58,-5.2653,172,"deletion"
"197","X172",2,217911894,217912847,6,2.4146,172,"duplication"
"225","X172",10,107624754,107682005,9,-4.9009,172,"deletion"
"227","X172",10,123436465,123461654,38,2.272,172,"duplication"
"239","X172",16,80998523,81030565,24,-4.5207,172,"deletion"
"246","X172",19,54549820,54551098,5,6.3225,172,"duplication"
"255","X172",22,42523567,42536703,5,-5.1388,172,"deletion"
"260","X172",23,144645472,144674621,6,-4.2461,172,"deletion"
"269","X173",1,209317968,209336246,3,-4.0846,173,"deletion"
"272","X173",2,217475199,217477806,4,3.3027,173,"duplication"
"280","X173",6,32451788,32453988,3,-8.057,173,"deletion"
"284","X173",8,23116427,23118443,3,4.2495,173,"duplication"
"315","X173",21,40907397,40964553,12,2.6135,173,"duplication"
"318","X173",22,23174622,23262162,11,7.0529,173,"duplication"
"320","X173",22,43176251,43186764,4,3.5369,173,"duplication"
"327","X173",23,96417362,96538632,4,-3.8835,173,"deletion"
"331","X174",2,217475199,217477806,4,7.8324,174,"duplication"
"334","X174",3,27445430,27446450,4,3.3743,174,"duplication"
"339","X174",4,73694511,73740674,7,-6.308,174,"deletion"
"350","X174",7,155882711,155885958,3,-5.2085,174,"deletion"
"362","X174",13,21819186,21897616,15,2.997,174,"duplication"
"366","X174",13,105669912,105738427,18,3.0054,174,"duplication"
"374","X174",18,9332664,9450518,15,-6.1954,174,"deletion"
"376","X174",18,9506512,10167139,156,-5.7546,174,"deletion"
"378","X174",18,10181524,10218769,7,-7.0012,174,"deletion"
"380","X174",18,10226828,10231104,14,-5.9118,174,"deletion"
"382","X174",18,69187761,69487657,71,-6.5393,174,"deletion"
"385","X174",19,54549820,54551098,5,6.3885,174,"duplication"
"387","X174",19,54705862,54711981,7,-4.0084,174,"deletion"
"392","X174",22,22859712,23250737,30,3.2551,174,"duplication"
"398","X175",1,58800176,58802060,3,-5.3837,175,"deletion"
"411","X175",6,32451788,32453988,3,-8.7349,175,"deletion"
"414","X175",7,347253,385269,9,2.2086,175,"duplication"
"417","X175",8,8101641,8132754,8,3.2293,175,"duplication"
"431","X175",14,106259769,106312983,5,5.9263,175,"duplication"
"445","X175",22,23174622,23262162,11,9.4857,175,"duplication"
"450","X175",23,96505188,96554394,5,4.9427,175,"duplication"
"460","X176",2,217475199,217477806,4,-7.7851,176,"deletion"
"487","X176",9,110596498,110608378,7,3.2821,176,"duplication"
"503","X176",15,24369643,24488673,11,-5.5973,176,"deletion"
"511","X176",19,54795913,54800371,9,3.6237,176,"duplication"
"518","X176",22,23198222,23262162,7,4.1146,176,"duplication"
"521","X176",23,111874622,111968001,9,3.4006,176,"duplication"
"525","X177",2,217475199,217477806,4,7.6941,177,"duplication"
"537","X177",6,41190823,41196156,5,2.5393,177,"duplication"
"543","X177",8,2540711,2552691,11,2.7093,177,"duplication"
"553","X177",10,15008493,15027214,7,-5.925,177,"deletion"
"556","X177",11,48387275,48694871,16,-4.1447,177,"deletion"
"560","X177",13,32557963,32560332,3,-5.9192,177,"deletion"
"562","X177",13,104407542,104411985,3,4.18,177,"duplication"
"565","X177",14,106259769,106312983,5,6.2275,177,"duplication"
"570","X177",17,44212310,44753350,61,2.0237,177,"duplication"
"576","X177",19,54549820,54551098,5,5.4682,177,"duplication"
"580","X177",21,36514505,36522993,3,3.5961,177,"duplication"
"583","X177",22,22418813,23113935,74,-4.7886,177,"deletion"
"595","X178",2,217475199,217477806,4,-7.3181,178,"deletion"
"600","X178",3,179666298,179668356,3,-4.0134,178,"deletion"
"605","X178",6,41191929,41196156,3,-4.0882,178,"deletion"
"621","X178",10,20790657,20810525,7,2.6683,178,"duplication"
"626","X178",13,32557963,32560836,4,-4.6159,178,"deletion"
"628","X178",13,111688230,111749116,9,2.3455,178,"duplication"
"631","X178",14,23179507,23215099,3,4.0793,178,"duplication"
"640","X178",18,39395577,39444514,9,-4.9108,178,"deletion"
"643","X178",19,51410471,51411388,4,-4.5323,178,"deletion"
"645","X178",19,52101508,52105859,3,4.0006,178,"duplication"
"654","X178",22,18912119,19037734,5,3.6375,178,"duplication"
"666","X178",23,144645472,144674621,6,3.8305,178,"duplication"
"670","X179",2,18327703,18338029,6,2.3206,179,"duplication"
"674","X179",2,217475434,217477806,3,5.9077,179,"duplication"
"690","X179",4,66597539,66626260,7,3.0506,179,"duplication"
"695","X179",5,2068772,2069245,3,2.9194,179,"duplication"
"697","X179",5,81351443,81402224,11,-6.8998,179,"deletion"
"699","X179",5,104436002,104494294,3,-4.5734,179,"deletion"
"706","X179",8,128320346,128321943,3,3.5207,179,"duplication"
"713","X179",11,63615426,63641439,4,-5.3671,179,"deletion"
"718","X179",14,22910061,22925352,3,-4.8668,179,"deletion"
"720","X179",14,106442255,107064525,28,2.9587,179,"duplication"
"724","X179",16,80672381,80674445,4,-5.5132,179,"deletion"
"733","X179",19,22062158,23089596,89,-5.6864,179,"deletion"
"735","X179",19,54795913,54800371,9,2.9191,179,"duplication"
"741","X179",23,9827969,9831518,4,4.4489,179,"duplication"
"745","X179",23,144629199,144674621,7,3.5259,179,"duplication"
"756","X180",3,184482987,184485263,3,3.3094,180,"duplication"
"759","X180",4,44982038,45015525,5,2.7387,180,"duplication"
"784","X180",13,32903812,32905056,4,3.6701,180,"duplication"
"795","X180",14,106259769,106709860,17,2.7692,180,"duplication"
"796","X180",14,106824902,107064525,18,-3.7049,180,"deletion"
"802","X180",16,77205957,77224827,4,2.4597,180,"duplication"
"811","X180",19,54550487,54551098,4,-4.9727,180,"deletion"
"813","X180",19,54795913,54800371,9,4.3274,180,"duplication"
"818","X180",22,22916777,23262162,23,3.7117,180,"duplication"
"821","X180",23,3500998,3566647,32,3.802,180,"duplication"
"823","X180",23,32028657,32035829,3,3.6159,180,"duplication"
"827","X180",23,105450426,105558599,6,4.1454,180,"duplication"
"829","X180",23,144645472,144674621,6,5.9128,180,"duplication"
"839","X181",2,97479941,97508678,3,3.3038,181,"duplication"
"841","X181",2,151531154,151744698,32,3.1321,181,"duplication"
"843","X181",2,217475199,217477806,4,-7.9709,181,"deletion"
"849","X181",4,20557837,20565861,4,-6.0069,181,"deletion"
"866","X181",7,71249755,71266533,4,4.1629,181,"duplication"
"880","X181",9,10546257,10583223,15,-6.6963,181,"deletion"
"882","X181",9,123964516,123987671,5,-3.9337,181,"deletion"
"885","X181",10,20301670,20319192,7,-6.0042,181,"deletion"
"890","X181",11,107653081,107670228,5,3.3629,181,"duplication"
"894","X181",13,42953077,42997267,3,-3.9826,181,"deletion"
"903","X181",14,106330011,106472726,4,-4.3866,181,"deletion"
"905","X181",14,106846077,107064525,17,-4.2304,181,"deletion"
"909","X181",16,52426857,52431954,3,-4.1505,181,"deletion"
"916","X181",17,52457425,52467631,3,5.4973,181,"duplication"
"935","X181",22,23174622,23262162,11,5.1644,181,"duplication"
"942","X181",23,138013787,138046074,7,2.4236,181,"duplication"
"944","X181",23,144645472,144674621,6,3.7811,181,"duplication"
"950","X182",2,217475199,217477806,4,4.4614,182,"duplication"
"955","X182",3,53883910,53899276,3,4.2566,182,"duplication"
"979","X182",21,39912467,39916756,4,-6.6148,182,"deletion"
"982","X182",22,23141620,23262162,12,9.5816,182,"duplication"
"985","X182",23,144645472,144674621,6,4.7616,182,"duplication"
"993","X183",4,106288827,106294522,4,3.8488,183,"duplication"
"996","X183",5,107420876,107671932,26,-6.2615,183,"deletion"
"1005","X183",10,20790657,20796639,4,2.8688,183,"duplication"
"1016","X183",15,32067075,32539596,128,2.71,183,"duplication"
"1021","X183",18,39395577,39444514,9,-4.7338,183,"deletion"
"1024","X183",19,54549820,54551098,5,7.8477,183,"duplication"
"1029","X183",22,23174622,23262162,11,9.4906,183,"duplication"
"1031","X183",22,34679390,34692625,3,-5.4316,183,"deletion"
"1033","X183",22,42523567,42536660,4,-6.1475,183,"deletion"
"1064","X184",10,134705373,134791715,20,2.6355,184,"duplication"
"1069","X184",13,104029330,104046457,5,-5.7191,184,"deletion"
"1082","X184",17,36568481,36570042,3,-5.4032,184,"deletion"
"1084","X184",17,39472842,39502230,3,-5.0948,184,"deletion"
"1106","X185",2,217475199,217477806,4,-11.5195,185,"deletion"
"1118","X185",6,32451788,32453988,3,7.4023,185,"duplication"
"1121","X185",7,150238170,150253913,3,-4.5919,185,"deletion"
"1131","X185",12,32004170,32063002,13,2.2871,185,"duplication"
"1148","X185",19,54550487,54551098,4,5.8854,185,"duplication"
"1157","X185",22,23174622,23262162,11,7.2447,185,"duplication"
"1162","X186",2,217475199,217477806,4,6.6086,186,"duplication"
"1176","X186",6,41191929,41196156,3,5.2285,186,"duplication"
"1185","X186",11,48387275,48694871,16,-4.4763,186,"deletion"
"1188","X186",12,133168145,133179101,4,8.0738,186,"duplication"
"1198","X186",17,35243500,35248406,3,5.6337,186,"duplication"
"1202","X186",19,54549820,54551098,5,5.033,186,"duplication"
"1216","X187",2,217475199,217477806,4,2.8535,187,"duplication"
"1222","X187",4,22057269,22073183,3,-5.442,187,"deletion"
"1230","X187",6,32370859,32374595,5,3.623,187,"duplication"
"1239","X187",7,19413271,19541920,25,3.4365,187,"duplication"
"1241","X187",7,142434960,142456928,4,-4.5319,187,"deletion"
"1259","X187",13,32557963,32560332,3,-4.3673,187,"deletion"
"1264","X187",14,106259769,106312983,5,7.0351,187,"duplication"
"1268","X187",16,52426857,52431954,3,-5.1025,187,"deletion"
"1273","X187",17,46442739,46445993,4,-4.0852,187,"deletion"
"1290","X187",22,23141620,23262162,12,9.6385,187,"duplication"
"1298","X188",1,15792426,15810624,6,-4.3897,188,"deletion"
"1307","X188",2,217475199,217477806,4,-5.3949,188,"deletion"
"1334","X188",17,46407434,46408635,3,-4.5852,188,"deletion"
"1338","X188",19,20150247,20314416,14,2.5739,188,"duplication"
"1340","X188",19,43788866,43823065,11,-5.3657,188,"deletion"
"1354","X189",2,217475199,217477806,4,9.4147,189,"duplication"
"1362","X189",6,41191929,41196156,3,4.6352,189,"duplication"
"1384","X189",14,106495531,107162444,29,-4.0117,189,"deletion"
"1388","X189",16,52876218,52877149,3,-7.0666,189,"deletion"
"1393","X189",19,52101508,52105859,3,-5.0742,189,"deletion"
"1395","X189",19,54549820,54551098,5,8.515,189,"duplication"
"1406","X190",1,48672401,48691564,3,2.3387,190,"duplication"
"1414","X190",3,28812010,28816082,3,-5.1679,190,"deletion"
"1426","X190",5,100552609,100632028,13,3.4747,190,"duplication"
"1428","X190",5,104224506,104251851,7,3.6787,190,"duplication"
"1462","X190",13,103696748,103703161,10,3.4939,190,"duplication"
"1465","X190",14,106016434,106312983,8,4.5407,190,"duplication"
"1469","X190",16,54713198,54725338,4,-3.9554,190,"deletion"
"1472","X190",17,44212310,44788310,62,2.3456,190,"duplication"
"1476","X190",19,54549820,54551098,5,5.1007,190,"duplication"
"1480","X190",21,45350031,45356487,3,3.9173,190,"duplication"
"1484","X190",22,23174622,23262162,11,9.2221,190,"duplication"
"1507","X191",8,23642390,23649025,4,5.2993,191,"duplication"
"1512","X191",9,16915021,16916454,4,-5.3486,191,"deletion"
"1515","X191",10,57244379,57272932,4,-4.6719,191,"deletion"
"1542","X191",21,40907397,40964553,12,2.6709,191,"duplication"
"1545","X191",22,23174622,23262162,11,9.3353,191,"duplication"
"1551","X192",1,189730339,189781569,10,-6.6547,192,"deletion"
"1606","X192",22,22418813,22861994,56,-4.053,192,"deletion"
"1610","X192",22,43176251,43183391,3,-5.3334,192,"deletion"
