"","ID","chrom","loc.start","loc.end","num.mark","seg.mean","SampleID"
"1","X169",1,798959,249217800,33983,0.075,169
"2","X169",2,28250,243040173,40488,-0.0687,169
"3","X169",3,66894,197899531,32686,0.0124,169
"4","X169",4,71566,190895519,26672,-0.0301,169
"5","X169",5,38139,157055047,25840,0.0038,169
"6","X169",5,157073747,157102159,3,-2.551,169
"7","X169",5,157120226,180709589,4131,0.0275,169
"8","X169",6,190248,170909924,37505,0.0705,169
"9","X169",7,87646,159070969,24307,0.018,169
"10","X169",8,54746,23663200,6593,0.0083,169
"11","X169",8,23664441,23665830,2,6.7464,169
"12","X169",8,23674119,128343879,14776,-0.007,169
"13","X169",8,128343948,128344402,2,10.0625,169
"14","X169",8,128344410,146287335,4161,0.081,169
"15","X169",9,122459,16881914,4076,-0.0041,169
"16","X169",9,16883602,16884586,2,5.5664,169
"17","X169",9,16885017,16914412,50,-0.3052,169
"18","X169",9,16915021,16915105,2,3.4367,169
"19","X169",9,16915906,123964516,13513,-0.0122,169
"20","X169",9,123968974,123985348,3,4.2746,169
"21","X169",9,123987671,141011428,2899,0.1627,169
"22","X169",10,126070,135477825,24067,0.0283,169
"23","X169",11,197698,81420576,13702,0.0777,169
"24","X169",11,81449443,81726997,45,-5.6204,169
"25","X169",11,81770027,134941778,8952,-0.0065,169
"26","X169",12,191619,133838994,24383,0.0501,169
"27","X169",13,18597296,115091019,16026,-0.0217,169
"28","X169",14,19082146,106127330,15148,-0.3031,169
"29","X169",14,106259769,106472726,10,2.2672,169
"30","X169",14,106487751,107287663,45,-0.411,169
"31","X169",15,20177092,102398631,14052,0.0658,169
"32","X169",16,93507,90172696,14586,0.1034,169
"33","X169",17,13905,67153386,12692,0.1783,169
"34","X169",17,67160148,67169500,3,-6.4549,169
"35","X169",17,67178316,81051007,3302,0.2295,169
"36","X169",18,13034,41174033,7248,1e-04,169
"37","X169",18,41183021,41212406,2,4.7636,169
"38","X169",18,41214219,41769138,80,-0.2457,169
"39","X169",18,41769943,41782602,3,-4.4842,169
"40","X169",18,41793595,78011963,6551,0.0165,169
"41","X169",19,240554,54549586,10622,0.2828,169
"42","X169",19,54549820,54551098,5,13.1211,169
"43","X169",19,54551282,54710673,142,0.7974,169
"44","X169",19,54710838,54711981,3,4.5585,169
"45","X169",19,54720958,59094136,1257,0.2249,169
"46","X169",20,63244,62313878,12599,0.083,169
"47","X169",20,62318220,62319464,3,7.5487,169
"48","X169",20,62320968,62910548,405,0.1789,169
"49","X169",21,10516758,48100155,5940,0.039,169
"50","X169",22,16055122,22413793,747,0.1357,169
"51","X169",22,22418813,23113935,74,2.0512,169
"52","X169",22,23141620,23262162,12,16.0206,169
"53","X169",22,23263708,51183972,8032,0.1807,169
"54","X169",23,208316,9831101,915,0.1584,169
"55","X169",23,9831518,9832086,2,8.1901,169
"56","X169",23,9834758,155000485,10726,0.419,169
"57","X170",1,798959,249217800,33983,-0.0055,170
"58","X170",2,28250,187399951,30336,0.0574,170
"59","X170",2,187410817,187481835,7,3.3889,170
"60","X170",2,187487269,243040173,10145,0.0559,170
"61","X170",3,66894,60817248,11098,0.0475,170
"62","X170",3,60831012,60908013,9,-7.4408,170
"63","X170",3,60919689,87379847,4834,0.0629,170
"64","X170",3,87380025,87382711,3,-7.363,170
"65","X170",3,87383875,197899531,16745,0.0182,170
"66","X170",4,71566,190895519,26666,0.0835,170
"67","X170",5,38139,180709589,29973,0.0248,170
"68","X170",6,190248,29821896,8911,-0.1738,170
"69","X170",6,29821937,29821982,2,-5.5703,170
"70","X170",6,29822082,170909924,28593,0.0362,170
"71","X170",7,87646,76233000,11905,-0.0149,170
"72","X170",7,76289033,76561369,25,-4.7863,170
"73","X170",7,76583385,159070969,12375,-0.0047,170
"74","X170",8,54746,128343879,21371,0.0148,170
"75","X170",8,128343948,128344402,2,9.4814,170
"76","X170",8,128344410,146287335,4161,0.0579,170
"77","X170",9,122459,141011428,20548,0.0221,170
"78","X170",10,126070,4283076,866,0.0713,170
"79","X170",10,4296494,4308535,7,-7.0448,170
"80","X170",10,4321300,67727223,10239,0.0134,170
"81","X170",10,67747744,67754155,2,-4.5669,170
"82","X170",10,67754225,135477825,12948,-0.0232,170
"83","X170",11,197698,5322737,1599,-0.0685,170
"84","X170",11,5323071,5328816,2,5.7695,170
"85","X170",11,5331522,134941778,21097,0.0246,170
"86","X170",12,191619,133838994,24383,0.1624,170
"87","X170",13,18597296,115091019,16024,0.1812,170
"88","X170",14,19082146,107287663,15205,0.1776,170
"89","X170",15,20177092,32616451,1442,0.0651,170
"90","X170",15,32620127,32871580,10,-2.9098,170
"91","X170",15,32873098,102398631,12603,0.0064,170
"92","X170",16,93507,90172696,14583,0.0399,170
"93","X170",17,13905,81051007,15996,-0.0142,170
"94","X170",18,13034,45677928,7979,0.0207,170
"95","X170",18,45680281,45682839,3,5.9594,170
"96","X170",18,45685997,78011963,5898,0.0278,170
"97","X170",19,240554,59094136,12030,-0.0652,170
"98","X170",20,63244,55404559,10187,0.0121,170
"99","X170",20,55408853,55421778,12,-5.606,170
"100","X170",20,55433175,62313878,2398,-0.1655,170
"101","X170",20,62318220,62318856,2,-8.3313,170
"102","X170",20,62319464,62910548,406,-0.208,170
"103","X170",21,10516758,48100155,5939,0.0059,170
"104","X170",22,16055122,23141620,821,-0.0241,170
"105","X170",22,23174622,23262162,11,-9.3418,170
"106","X170",22,23263708,51183972,8032,-0.0246,170
"107","X170",23,208316,66298187,5571,-0.0508,170
"108","X170",23,66299824,66955265,252,1.7102,170
"109","X170",23,66956070,144629199,5044,0.014,170
"110","X170",23,144645472,144674621,6,3.4605,170
"111","X170",23,144695462,155000485,766,0.0874,170
"112","X171",1,798959,207573387,26749,-0.0725,171
"113","X171",1,207578194,207594943,2,-29.5541,171
"114","X171",1,207595822,249217800,7235,-0.0771,171
"115","X171",2,28250,217474433,34700,-0.0247,171
"116","X171",2,217475199,217477806,4,-12.7946,171
"117","X171",2,217478202,218309221,804,0.1728,171
"118","X171",2,218309228,218309258,2,-4.2617,171
"119","X171",2,218309267,243040173,4980,-0.0384,171
"120","X171",3,66894,170552971,28296,-0.0535,171
"121","X171",3,170553303,170555483,2,-7.4902,171
"122","X171",3,170557417,197899531,4390,-0.0733,171
"123","X171",4,71566,190895519,26666,0.0426,171
"124","X171",5,38139,30390284,7308,0.0323,171
"125","X171",5,30392067,30475513,8,1.7466,171
"126","X171",5,30483308,107404634,11427,-0.0248,171
"127","X171",5,107420876,107649113,25,-1.5599,171
"128","X171",5,107671932,180709589,11205,-0.0384,171
"129","X171",6,190248,21824770,4454,-0.0454,171
"130","X171",6,21828782,21834059,6,-2.7344,171
"131","X171",6,21835568,29909197,4491,-0.0222,171
"132","X171",6,29909205,29909840,3,6.098,171
"133","X171",6,29911367,161010118,26534,-0.0636,171
"134","X171",6,161010150,161010150,2,-4.4566,171
"135","X171",6,161010766,170909924,2016,0.0552,171
"136","X171",7,87646,156305215,23906,-0.0281,171
"137","X171",7,156307861,156308688,2,-5.4332,171
"138","X171",7,156314702,159070969,396,0.0094,171
"139","X171",8,54746,146287335,25533,-0.0144,171
"140","X171",9,122459,16881914,4077,0.0371,171
"141","X171",9,16883602,16884586,2,10.5162,171
"142","X171",9,16885017,85601818,6348,-0.0125,171
"143","X171",9,85602289,85613043,2,-4.9301,171
"144","X171",9,85615377,141011428,10118,-0.0152,171
"145","X171",10,126070,135477825,24062,0.0428,171
"146","X171",11,197698,5323071,1600,-0.008,171
"147","X171",11,5328816,5331522,2,4.7074,171
"148","X171",11,5333124,127184582,19437,-0.0508,171
"149","X171",11,127196756,127200217,2,-5.3344,171
"150","X171",11,127213078,134941778,1659,-0.1336,171
"151","X171",12,191619,52692914,10270,-0.0612,171
"152","X171",12,52699829,52788012,44,2.3211,171
"153","X171",12,52788303,115028758,9586,-0.0604,171
"154","X171",12,115029554,115035463,3,3.8306,171
"155","X171",12,115040288,133838994,4480,-0.0046,171
"156","X171",13,18597296,115091019,16020,-0.0352,171
"157","X171",14,19082146,106127330,15149,-0.3508,171
"158","X171",14,106259769,106709860,17,-8.0199,171
"159","X171",14,106824902,107287663,38,0.2097,171
"160","X171",15,20177092,90764359,11623,-0.0179,171
"161","X171",15,90772831,90778390,2,4.4431,171
"162","X171",15,90784250,102398631,2427,0.0209,171
"163","X171",16,93507,53122486,6438,-0.0308,171
"164","X171",16,53123383,53123761,2,-5.4728,171
"165","X171",16,53125819,82962260,6253,-0.0172,171
"166","X171",16,82965065,82965304,2,-5.6361,171
"167","X171",16,82965440,90172696,1891,-0.0036,171
"168","X171",17,13905,53061075,10694,-0.083,171
"169","X171",17,53061622,53062121,2,-14.8678,171
"170","X171",17,53062755,81051007,5302,-0.0067,171
"171","X171",18,13034,39395577,6999,-0.0496,171
"172","X171",18,39404160,39444514,8,-1.9765,171
"173","X171",18,39457609,41973639,337,0.0464,171
"174","X171",18,41991478,42007735,2,-8.209,171
"175","X171",18,42010438,68083281,4571,-0.0172,171
"176","X171",18,68086404,68090239,3,-2.7828,171
"177","X171",18,68090674,78011963,1960,-0.0062,171
"178","X171",19,240554,54549820,10626,-0.0986,171
"179","X171",19,54550487,54551098,4,-10.2541,171
"180","X171",19,54551282,54795336,208,-0.2537,171
"181","X171",19,54795913,54800371,9,-11.2361,171
"182","X171",19,54807888,59094136,1185,-0.262,171
"183","X171",20,63244,62910548,13004,-0.0475,171
"184","X171",21,10516758,48100155,5938,0.0269,171
"185","X171",22,16055122,22845240,801,-0.09,171
"186","X171",22,22859712,23255525,31,-2.5057,171
"187","X171",22,23262162,51183972,8034,-0.0759,171
"188","X171",23,208316,155000485,11643,0.0652,171
"189","X172",1,798959,149665167,16987,-0.0281,172
"190","X172",1,149670474,149680262,3,-4.8657,172
"191","X172",1,149693044,249217800,16998,-0.0066,172
"192","X172",2,28250,83224879,16382,-0.1232,172
"193","X172",2,83250741,83845469,58,-5.2653,172
"194","X172",2,83864501,217475434,18265,-0.104,172
"195","X172",2,217475831,217477806,2,4.2857,172
"196","X172",2,217478202,217911696,403,-0.0795,172
"197","X172",2,217911894,217912847,6,2.4146,172
"198","X172",2,217912952,243040173,5377,-0.1242,172
"199","X172",3,66894,197899531,32694,-0.0094,172
"200","X172",4,71566,190895519,26673,-0.0751,172
"201","X172",5,38139,118691888,20278,-0.0176,172
"202","X172",5,118697277,118699108,3,-3.3956,172
"203","X172",5,118715608,180709589,9695,-0.0239,172
"204","X172",6,190248,29821896,8915,-0.0334,172
"205","X172",6,29821937,29821982,2,6.5431,172
"206","X172",6,29822082,168325626,28122,-0.0237,172
"207","X172",6,168432093,168597242,37,1.4837,172
"208","X172",6,168599333,170909924,433,-0.1802,172
"209","X172",7,87646,159070969,24307,-0.0072,172
"210","X172",8,54746,23663200,6593,-0.0412,172
"211","X172",8,23664441,23665830,2,5.7823,172
"212","X172",8,23674119,109102918,11201,-0.0143,172
"213","X172",8,109103913,109104288,2,3.8744,172
"214","X172",8,109108315,128319713,3537,-0.0287,172
"215","X172",8,128320346,128321202,2,4.081,172
"216","X172",8,128321943,128343948,33,0.2975,172
"217","X172",8,128344402,128344410,2,5.1328,172
"218","X172",8,128344624,146287335,4159,0.0208,172
"219","X172",9,122459,16863364,4057,-0.0313,172
"220","X172",9,16864076,16864521,2,4.8051,172
"221","X172",9,16865291,141011428,16492,-0.034,172
"222","X172",10,126070,82033238,13816,-0.0233,172
"223","X172",10,82033262,82033594,2,3.745,172
"224","X172",10,82034262,107608156,3886,-0.135,172
"225","X172",10,107624754,107682005,9,-4.9009,172
"226","X172",10,107699810,123435817,3423,-0.123,172
"227","X172",10,123436465,123461654,38,2.272,172
"228","X172",10,123462160,123484737,40,-0.1929,172
"229","X172",10,123484962,123486626,4,-2.7235,172
"230","X172",10,123486724,135477825,2847,-0.1302,172
"231","X172",11,197698,118816304,19646,-0.0163,172
"232","X172",11,118825636,118827655,2,4.1011,172
"233","X172",11,118831727,134941778,3054,-0.0505,172
"234","X172",12,191619,133838994,24386,-0.0181,172
"235","X172",13,18597296,115091019,16027,-0.0204,172
"236","X172",14,19082146,107287663,15205,-0.1699,172
"237","X172",15,20177092,102398631,14053,0.0107,172
"238","X172",16,93507,80997892,12085,-0.0327,172
"239","X172",16,80998523,81030565,24,-4.5207,172
"240","X172",16,81031210,90172696,2476,-0.0159,172
"241","X172",17,13905,81051007,15995,0.0111,172
"242","X172",18,13034,24471991,3821,-0.0207,172
"243","X172",18,24473742,24474267,2,4.8022,172
"244","X172",18,24475940,78011963,10058,0.0222,172
"245","X172",19,240554,54549586,10623,-5e-04,172
"246","X172",19,54549820,54551098,5,6.3225,172
"247","X172",19,54551282,59094136,1402,0.0313,172
"248","X172",20,63244,14400165,3998,-0.0368,172
"249","X172",20,14425337,14436938,2,-4.8689,172
"250","X172",20,14466618,62910548,9008,-0.0111,172
"251","X172",21,10516758,48100155,5940,-0.0233,172
"252","X172",22,16055122,23141620,822,-0.047,172
"253","X172",22,23174622,23262162,11,-38.3994,172
"254","X172",22,23263708,42523533,5647,0.0027,172
"255","X172",22,42523567,42536703,5,-5.1388,172
"256","X172",22,42537623,51183972,2380,0.0073,172
"257","X172",23,208316,9486635,710,-0.325,172
"258","X172",23,9487067,9487067,2,-9.2995,172
"259","X172",23,9488248,144629199,10160,-0.2559,172
"260","X172",23,144645472,144674621,6,-4.2461,172
"261","X172",23,144695462,155000485,767,-0.2855,172
"262","X173",1,798959,204062040,25356,0.0603,173
"263","X173",1,204062992,204066303,2,-5.2053,173
"264","X173",1,204068110,204905920,550,0.0794,173
"265","X173",1,204906922,204908774,2,9.5711,173
"266","X173",1,204912094,207573387,842,0.0477,173
"267","X173",1,207578194,207594943,2,18.8263,173
"268","X173",1,207595822,209316021,308,0.0288,173
"269","X173",1,209317968,209336246,3,-4.0846,173
"270","X173",1,209345380,249217800,6924,0.0557,173
"271","X173",2,28250,217474433,34700,-0.0257,173
"272","X173",2,217475199,217477806,4,3.3027,173
"273","X173",2,217478202,243040173,5785,-0.0338,173
"274","X173",3,66894,170552971,28298,0.0298,173
"275","X173",3,170553303,170555483,2,7.7912,173
"276","X173",3,170557417,197899531,4392,0.0473,173
"277","X173",4,71566,190895519,26667,0.0243,173
"278","X173",5,38139,180709589,29978,0.025,173
"279","X173",6,190248,32451730,11838,0.0681,173
"280","X173",6,32451788,32453988,3,-8.057,173
"281","X173",6,32486138,170909924,25663,0.0334,173
"282","X173",7,87646,159070969,24308,0.0295,173
"283","X173",8,54746,23116392,5942,0.0156,173
"284","X173",8,23116427,23118443,3,4.2495,173
"285","X173",8,23119205,23640521,632,-0.0894,173
"286","X173",8,23642390,23642424,2,5.7461,173
"287","X173",8,23648738,109102918,11220,0.0016,173
"288","X173",8,109103913,109104288,2,-4.3688,173
"289","X173",8,109108315,146287335,7735,0.0185,173
"290","X173",9,122459,136149722,19697,0.0149,173
"291","X173",9,136153481,136153875,2,4.4952,173
"292","X173",9,136154168,141011428,844,0.0981,173
"293","X173",10,126070,57208210,9454,0.037,173
"294","X173",10,57244379,57272932,4,-3.4386,173
"295","X173",10,57292460,123435817,11676,0.0363,173
"296","X173",10,123436465,123462451,41,-3.3061,173
"297","X173",10,123462571,135477825,2888,0.0375,173
"298","X173",11,197698,134941778,22702,0.0466,173
"299","X173",12,191619,133838994,24383,0.0424,173
"300","X173",13,18597296,32345208,2316,0.0401,173
"301","X173",13,32373300,32380626,2,-3.8504,173
"302","X173",13,32390588,51060955,3318,0.0259,173
"303","X173",13,51064301,51066171,2,6.4781,173
"304","X173",13,51068045,115091019,10386,-0.0014,173
"305","X173",14,19082146,107287663,15205,-0.1774,173
"306","X173",15,20177092,102398631,14055,0.0327,173
"307","X173",16,93507,90172696,14581,0.0257,173
"308","X173",17,13905,78233282,15508,0.0686,173
"309","X173",17,78235460,78236296,2,-5.5197,173
"310","X173",17,78239532,81051007,489,0.1793,173
"311","X173",18,13034,78011963,13883,0.0328,173
"312","X173",19,240554,59094136,12030,0.1253,173
"313","X173",20,63244,62910548,13008,0.0579,173
"314","X173",21,10516758,40899128,4397,0.01,173
"315","X173",21,40907397,40964553,12,2.6135,173
"316","X173",21,40967471,48100155,1531,0.0512,173
"317","X173",22,16055122,23141620,822,0.0803,173
"318","X173",22,23174622,23262162,11,7.0529,173
"319","X173",22,23263708,43174413,5856,0.0976,173
"320","X173",22,43176251,43186764,4,3.5369,173
"321","X173",22,43187236,51183972,2171,0.1041,173
"322","X173",23,208316,9486635,710,-0.1758,173
"323","X173",23,9487067,9487067,2,7.7459,173
"324","X173",23,9488248,49372409,3311,-0.3204,173
"325","X173",23,49398159,49627570,23,1.4919,173
"326","X173",23,49683253,96411668,3624,-0.2833,173
"327","X173",23,96417362,96538632,4,-3.8835,173
"328","X173",23,96543884,155000485,3968,-0.3173,173
"329","X174",1,798959,249217800,33987,-0.1064,174
"330","X174",2,28250,217474433,34697,-0.1365,174
"331","X174",2,217475199,217477806,4,7.8324,174
"332","X174",2,217478202,243040173,5786,-0.1947,174
"333","X174",3,66894,27444524,5845,-0.0407,174
"334","X174",3,27445430,27446450,4,3.3743,174
"335","X174",3,27448701,31804842,1100,0.1249,174
"336","X174",3,31817544,31831109,2,-4.3475,174
"337","X174",3,31838968,197899531,25743,-0.0414,174
"338","X174",4,71566,73691876,9698,0.0092,174
"339","X174",4,73694511,73740674,7,-6.308,174
"340","X174",4,73757679,190895519,16970,0.0724,174
"341","X174",5,38139,99701388,17935,-0.0494,174
"342","X174",5,99776465,99792556,2,-5.4602,174
"343","X174",5,99867871,180709589,12036,-0.0723,174
"344","X174",6,190248,29821896,8915,-0.0768,174
"345","X174",6,29821937,29821982,2,6.7032,174
"346","X174",6,29822082,170909924,28593,-0.0794,174
"347","X174",7,87646,147951195,22297,-0.0599,174
"348","X174",7,147953655,147961673,3,-3.4138,174
"349","X174",7,147963649,155881910,1502,-0.1283,174
"350","X174",7,155882711,155885958,3,-5.2085,174
"351","X174",7,155892243,159070969,506,-0.1662,174
"352","X174",8,54746,146287335,25535,-0.0638,174
"353","X174",9,122459,16881914,4078,-0.0882,174
"354","X174",9,16883602,16884586,2,6.1568,174
"355","X174",9,16885017,35234139,3660,0.0033,174
"356","X174",9,35236570,35280969,4,-3.0745,174
"357","X174",9,35289544,141011428,12806,-0.1413,174
"358","X174",10,126070,135477825,24064,-0.0797,174
"359","X174",11,197698,134941778,22703,-0.1246,174
"360","X174",12,191619,133838994,24384,-0.0912,174
"361","X174",13,18597296,21816281,357,-0.1174,174
"362","X174",13,21819186,21897616,15,2.997,174
"363","X174",13,21898763,99376273,12570,0.0472,174
"364","X174",13,99378642,99378664,2,-7.3626,174
"365","X174",13,99378743,105664559,1165,-1e-04,174
"366","X174",13,105669912,105738427,18,3.0054,174
"367","X174",13,105767386,115091019,1899,0.0667,174
"368","X174",14,19082146,34659632,2419,-0.0904,174
"369","X174",14,34682723,107287663,12787,2.8168,174
"370","X174",15,20177092,102398631,14053,-0.1418,174
"371","X174",16,93507,90172696,14583,-0.1445,174
"372","X174",17,13905,81051007,15997,-0.2345,174
"373","X174",18,13034,9326652,1730,-0.0556,174
"374","X174",18,9332664,9450518,15,-6.1954,174
"375","X174",18,9454478,9478794,6,0.6439,174
"376","X174",18,9506512,10167139,156,-5.7546,174
"377","X174",18,10175196,10181365,3,0.284,174
"378","X174",18,10181524,10218769,7,-7.0012,174
"379","X174",18,10222030,10226680,9,-1.3599,174
"380","X174",18,10226828,10231104,14,-5.9118,174
"381","X174",18,10233292,69175967,10164,-0.0487,174
"382","X174",18,69187761,69487657,71,-6.5393,174
"383","X174",18,69489748,78011963,1709,-0.0254,174
"384","X174",19,240554,54549586,10625,-0.243,174
"385","X174",19,54549820,54551098,5,6.3885,174
"386","X174",19,54551282,54705641,138,-0.3276,174
"387","X174",19,54705862,54711981,7,-4.0084,174
"388","X174",19,54720958,59094136,1257,-0.1322,174
"389","X174",20,63244,62910548,13007,-0.123,174
"390","X174",21,10516758,48100155,5940,-0.0578,174
"391","X174",22,16055122,22845240,801,-0.2369,174
"392","X174",22,22859712,23250737,30,3.2551,174
"393","X174",22,23255525,51183972,8034,-0.2815,174
"394","X174",23,208316,9486635,710,0.0501,174
"395","X174",23,9487067,9487067,2,8.7859,174
"396","X174",23,9488248,155000485,10933,0.0822,174
"397","X175",1,798959,58794017,8407,0.0209,175
"398","X175",1,58800176,58802060,3,-5.3837,175
"399","X175",1,58807475,204062040,16947,0.0197,175
"400","X175",1,204062992,204066303,2,-7.2298,175
"401","X175",1,204068110,204905920,550,-0.0363,175
"402","X175",1,204906922,204908774,2,11.4566,175
"403","X175",1,204912094,249217800,8076,0.0469,175
"404","X175",2,28250,243040173,40490,-0.0014,175
"405","X175",3,66894,197899531,32695,0.0381,175
"406","X175",4,71566,190895519,26672,-0.0155,175
"407","X175",5,38139,180709589,29974,0.0394,175
"408","X175",6,190248,29821896,8915,0.0893,175
"409","X175",6,29821937,29821982,2,-5.7023,175
"410","X175",6,29822082,32451730,2925,0.0122,175
"411","X175",6,32451788,32453988,3,-8.7349,175
"412","X175",6,32486138,170909924,25665,0.0586,175
"413","X175",7,87646,344067,40,0.0097,175
"414","X175",7,347253,385269,9,2.2086,175
"415","X175",7,407424,159070969,24259,0.0725,175
"416","X175",8,54746,8094406,2354,0.0827,175
"417","X175",8,8101641,8132754,8,3.2293,175
"418","X175",8,8140390,128343879,19010,0.0735,175
"419","X175",8,128343948,128344402,2,-23.6881,175
"420","X175",8,128344410,146287335,4161,0.0032,175
"421","X175",9,122459,141011428,20547,0.0502,175
"422","X175",10,126070,135477825,24067,-0.0256,175
"423","X175",11,197698,134941778,22703,0.0214,175
"424","X175",12,191619,53121884,10541,0.0184,175
"425","X175",12,53123803,53124472,2,-5.6815,175
"426","X175",12,53125145,133838994,13842,0.0308,175
"427","X175",13,18597296,25671826,1173,0.0668,175
"428","X175",13,25679445,25680690,2,-5.3866,175
"429","X175",13,25689163,115091019,14852,0.0667,175
"430","X175",14,19082146,106127330,15149,0.064,175
"431","X175",14,106259769,106312983,5,5.9263,175
"432","X175",14,106328999,107287663,50,-0.3907,175
"433","X175",15,20177092,102398631,14055,0.0119,175
"434","X175",16,93507,90172696,14585,0.0641,175
"435","X175",17,13905,81051007,15996,0.0772,175
"436","X175",18,13034,41174033,7248,0.0534,175
"437","X175",18,41183021,41212406,2,5.1692,175
"438","X175",18,41214219,78011963,6634,0.0606,175
"439","X175",19,240554,59094136,12031,0.089,175
"440","X175",20,63244,62313878,12600,0.0604,175
"441","X175",20,62318220,62318856,2,18.2735,175
"442","X175",20,62319464,62910548,406,0.2201,175
"443","X175",21,10516758,48100155,5939,0.0757,175
"444","X175",22,16055122,23141620,822,0.0777,175
"445","X175",22,23174622,23262162,11,9.4857,175
"446","X175",22,23263708,51183972,8033,0.0562,175
"447","X175",23,208316,9486635,710,0.1344,175
"448","X175",23,9487067,9487067,2,8.6585,175
"449","X175",23,9488248,96443346,6960,0.1152,175
"450","X175",23,96505188,96554394,5,4.9427,175
"451","X175",23,96602849,155000485,3963,0.1588,175
"452","X176",1,798959,249217800,33984,-0.0169,176
"453","X176",2,28250,89475833,17452,-0.0459,176
"454","X176",2,89508854,90247720,12,-2.0736,176
"455","X176",2,91930083,97479941,120,-0.1384,176
"456","X176",2,97500775,97508678,2,9.8938,176
"457","X176",2,97512059,202211443,14879,-0.0658,176
"458","X176",2,202211695,202213061,2,5.0472,176
"459","X176",2,202213382,217474433,2231,-0.081,176
"460","X176",2,217475199,217477806,4,-7.7851,176
"461","X176",2,217478202,243040173,5784,-0.0343,176
"462","X176",3,66894,197899531,32689,-0.016,176
"463","X176",4,71566,190895519,26667,0.0085,176
"464","X176",5,38139,3338853,3472,-0.178,176
"465","X176",5,3347836,3349583,2,-4.3405,176
"466","X176",5,3356538,44585815,6176,-0.0156,176
"467","X176",5,44587615,44594081,2,5.0507,176
"468","X176",5,44595157,180709589,20320,-0.0282,176
"469","X176",6,190248,24580986,6046,-0.0131,176
"470","X176",6,24582032,24583804,2,3.9331,176
"471","X176",6,24584181,32367515,5628,-0.0323,176
"472","X176",6,32368087,32373312,9,-2.1313,176
"473","X176",6,32374595,170909924,25824,-0.0446,176
"474","X176",7,87646,94920641,14628,-0.0477,176
"475","X176",7,94921125,94921491,2,6.0188,176
"476","X176",7,94921543,159070969,9677,0.0021,176
"477","X176",8,54746,36256428,8861,-0.0037,176
"478","X176",8,36274953,36277667,2,-4.4945,176
"479","X176",8,36282280,128343879,12513,-0.0487,176
"480","X176",8,128343948,128344402,2,6.7744,176
"481","X176",8,128344410,129502569,1273,0.0439,176
"482","X176",8,129503291,129504836,2,-6.0877,176
"483","X176",8,129505512,146287335,2885,-0.0344,176
"484","X176",9,122459,16881914,4077,-0.0515,176
"485","X176",9,16883602,16884586,2,-40.5083,176
"486","X176",9,16885017,110596361,10454,-0.001,176
"487","X176",9,110596498,110608378,7,3.2821,176
"488","X176",9,110608451,141011428,6007,-0.024,176
"489","X176",10,126070,135477825,24065,0.0045,176
"490","X176",11,197698,5322737,1599,-0.1046,176
"491","X176",11,5323071,5328816,2,5.2239,176
"492","X176",11,5331522,134941778,21096,0.0261,176
"493","X176",12,191619,52955929,10443,-0.0622,176
"494","X176",12,52959576,52960079,2,-6.8398,176
"495","X176",12,52964402,133838994,13938,-0.0113,176
"496","X176",13,18597296,108498322,14675,-0.0194,176
"497","X176",13,108506846,108530760,2,-5.3196,176
"498","X176",13,108534782,115091019,1345,-0.0389,176
"499","X176",14,19082146,22791563,587,-0.0651,176
"500","X176",14,22811629,22843437,2,-5.1517,176
"501","X176",14,22844970,107287663,14615,-0.345,176
"502","X176",15,20177092,24335853,228,0.0368,176
"503","X176",15,24369643,24488673,11,-5.5973,176
"504","X176",15,24490891,102398631,13816,-0.051,176
"505","X176",16,93507,90172696,14587,-0.0281,176
"506","X176",17,13905,53061075,10694,-0.0692,176
"507","X176",17,53061622,53062121,2,11.5658,176
"508","X176",17,53062755,81051007,5300,-0.0777,176
"509","X176",18,13034,78011963,13885,0.0015,176
"510","X176",19,240554,54795336,10834,-0.0084,176
"511","X176",19,54795913,54800371,9,3.6237,176
"512","X176",19,54807888,59094136,1184,0.0241,176
"513","X176",20,63244,62910548,13006,-0.0709,176
"514","X176",21,10516758,48100155,5939,-0.0801,176
"515","X176",22,16055122,22774989,798,0.0836,176
"516","X176",22,22797239,23113935,23,-2.1644,176
"517","X176",22,23141620,23194763,5,0.9787,176
"518","X176",22,23198222,23262162,7,4.1146,176
"519","X176",22,23263708,51183972,8032,-0.0464,176
"520","X176",23,208316,111855885,8696,0.4499,176
"521","X176",23,111874622,111968001,9,3.4006,176
"522","X176",23,111983606,155000485,2939,0.482,176
"523","X177",1,798959,249217800,33988,0.0086,177
"524","X177",2,28250,217474433,34698,0.0672,177
"525","X177",2,217475199,217477806,4,7.6941,177
"526","X177",2,217478202,243040173,5786,-0.0153,177
"527","X177",3,66894,170436681,28221,0.0608,177
"528","X177",3,170440005,170440978,2,-3.9899,177
"529","X177",3,170441188,170552971,72,0.0117,177
"530","X177",3,170553303,170555483,2,9.1004,177
"531","X177",3,170557417,197899531,4391,0.0294,177
"532","X177",4,71566,190895519,26672,0.1061,177
"533","X177",5,38139,121487971,20616,0.0798,177
"534","X177",5,121488203,121488203,2,-5.1566,177
"535","X177",5,121488280,180709589,9354,0.018,177
"536","X177",6,190248,41188288,15892,-0.0297,177
"537","X177",6,41190823,41196156,5,2.5393,177
"538","X177",6,41196492,170909924,21608,0.0583,177
"539","X177",7,87646,118062404,18243,0.0606,177
"540","X177",7,118070496,118083758,2,-3.3458,177
"541","X177",7,118092961,159070969,6062,0.0457,177
"542","X177",8,54746,2537101,569,0.2517,177
"543","X177",8,2540711,2552691,11,2.7093,177
"544","X177",8,2558468,23663200,6015,0.1769,177
"545","X177",8,23664441,23665830,2,5.7327,177
"546","X177",8,23674119,146287335,18938,0.0504,177
"547","X177",9,122459,5299385,1151,-0.0104,177
"548","X177",9,5306824,5348712,7,-3.1888,177
"549","X177",9,5354187,38912419,7084,0.1055,177
"550","X177",9,39019085,39021035,2,-6.1786,177
"551","X177",9,39049316,141011428,12304,0.011,177
"552","X177",10,126070,14996416,3893,0.0745,177
"553","X177",10,15008493,15027214,7,-5.925,177
"554","X177",10,15035631,135477825,20166,0.0037,177
"555","X177",11,197698,48375604,8182,0.0081,177
"556","X177",11,48387275,48694871,16,-4.1447,177
"557","X177",11,48791516,134941778,14506,-0.0246,177
"558","X177",12,191619,133838994,24383,3e-04,177
"559","X177",13,18597296,32557252,2362,0.0361,177
"560","X177",13,32557963,32560332,3,-5.9192,177
"561","X177",13,32560836,104404759,11498,0.1194,177
"562","X177",13,104407542,104411985,3,4.18,177
"563","X177",13,104440046,115091019,2158,0.1224,177
"564","X177",14,19082146,106127330,15149,-0.0622,177
"565","X177",14,106259769,106312983,5,6.2275,177
"566","X177",14,106328999,107287663,50,-1e-04,177
"567","X177",15,20177092,102398631,14055,-0.0168,177
"568","X177",16,93507,90172696,14586,-0.118,177
"569","X177",17,13905,44163809,8261,-0.1487,177
"570","X177",17,44212310,44753350,61,2.0237,177
"571","X177",17,44788310,52448143,2152,-0.1872,177
"572","X177",17,52457425,52466587,2,4.7563,177
"573","X177",17,52467631,81051007,5523,-0.1003,177
"574","X177",18,13034,78011963,13884,0.1147,177
"575","X177",19,240554,54549586,10625,-0.1741,177
"576","X177",19,54549820,54551098,5,5.4682,177
"577","X177",19,54551282,59094136,1402,-0.0328,177
"578","X177",20,63244,62910548,13006,-0.0436,177
"579","X177",21,10516758,36509742,3700,0.1481,177
"580","X177",21,36514505,36522993,3,3.5961,177
"581","X177",21,36526390,48100155,2236,-0.1158,177
"582","X177",22,16055122,22413793,746,-0.252,177
"583","X177",22,22418813,23113935,74,-4.7886,177
"584","X177",22,23141620,23262162,12,-39.9844,177
"585","X177",22,23263708,51183972,8032,-0.1775,177
"586","X177",23,208316,107037429,8413,0.1554,177
"587","X177",23,107074500,107084385,2,5.3065,177
"588","X177",23,107090234,128605236,1363,0.2482,177
"589","X177",23,128615078,128621096,2,6.0457,177
"590","X177",23,128631052,144629199,1091,0.2507,177
"591","X177",23,144645472,144674621,6,-36.3113,177
"592","X177",23,144695462,155000485,767,0.1955,177
"593","X178",1,798959,249217800,33989,-0.0367,178
"594","X178",2,28250,217474433,34703,-0.0929,178
"595","X178",2,217475199,217477806,4,-7.3181,178
"596","X178",2,217478202,243040173,5786,-0.1218,178
"597","X178",3,66894,170552971,28296,-0.0611,178
"598","X178",3,170553303,170555483,2,10.2123,178
"599","X178",3,170557417,179666018,1357,-0.0297,178
"600","X178",3,179666298,179668356,3,-4.0134,178
"601","X178",3,179672701,197899531,3031,0.0402,178
"602","X178",4,71566,190895519,26672,-0.1283,178
"603","X178",5,38139,180709589,29976,-0.0301,178
"604","X178",6,190248,41191487,15894,-0.0709,178
"605","X178",6,41191929,41196156,3,-4.0882,178
"606","X178",6,41196492,160737950,19234,-0.0579,178
"607","X178",6,160739189,160739189,2,-3.9978,178
"608","X178",6,160739236,161010118,359,0.0798,178
"609","X178",6,161010150,161010150,2,-4.4064,178
"610","X178",6,161010766,170909924,2016,-0.1072,178
"611","X178",7,87646,159070969,24306,-0.0243,178
"612","X178",8,54746,128343879,21374,-0.0757,178
"613","X178",8,128343948,128344402,2,17.4981,178
"614","X178",8,128344410,146287335,4159,-0.045,178
"615","X178",9,122459,110955408,14960,-0.0825,178
"616","X178",9,110956500,110958843,2,-4.5357,178
"617","X178",9,110959027,117744430,1708,0.005,178
"618","X178",9,117753004,117756724,2,4.5643,178
"619","X178",9,117766101,141011428,3876,-0.0181,178
"620","X178",10,126070,20783841,4866,-0.0315,178
"621","X178",10,20790657,20810525,7,2.6683,178
"622","X178",10,20820829,135477825,19194,-0.1329,178
"623","X178",11,197698,134941778,22700,-0.0683,178
"624","X178",12,191619,133838994,24384,-0.0216,178
"625","X178",13,18597296,32557252,2362,-0.0514,178
"626","X178",13,32557963,32560836,4,-4.6159,178
"627","X178",13,32561200,111683466,13051,-0.0653,178
"628","X178",13,111688230,111749116,9,2.3455,178
"629","X178",13,111750739,115091019,602,-0.0421,178
"630","X178",14,19082146,23178307,672,0.0368,178
"631","X178",14,23179507,23215099,3,4.0793,178
"632","X178",14,23222422,106127330,14475,-0.0631,178
"633","X178",14,106259769,106312983,5,-19.5366,178
"634","X178",14,106328999,106709860,12,-1.3948,178
"635","X178",14,106824902,107287663,38,0.5754,178
"636","X178",15,20177092,102398631,14051,-0.0441,178
"637","X178",16,93507,90172696,14585,-0.1223,178
"638","X178",17,13905,81051007,15999,-0.0108,178
"639","X178",18,13034,39384413,7003,-0.0266,178
"640","X178",18,39395577,39444514,9,-4.9108,178
"641","X178",18,39457609,78011963,6872,-0.0607,178
"642","X178",19,240554,51408842,9642,0.0323,178
"643","X178",19,51410471,51411388,4,-4.5323,178
"644","X178",19,51415150,52095577,277,0.0824,178
"645","X178",19,52101508,52105859,3,4.0006,178
"646","X178",19,52108930,54549586,697,0.0034,178
"647","X178",19,54549820,54551098,5,-45.8958,178
"648","X178",19,54551282,59094136,1401,-0.0247,178
"649","X178",20,63244,62313878,12596,-0.0361,178
"650","X178",20,62318220,62318856,2,-14.1051,178
"651","X178",20,62319464,62910548,406,0.1079,178
"652","X178",21,10516758,48100155,5938,-0.0324,178
"653","X178",22,16055122,18897228,319,-0.0081,178
"654","X178",22,18912119,19037734,5,3.6375,178
"655","X178",22,19085202,22845240,477,0.1596,178
"656","X178",22,22859712,23141620,21,-3.1757,178
"657","X178",22,23174622,23262162,11,-23.3481,178
"658","X178",22,23263708,51183972,8031,-0.0253,178
"659","X178",23,208316,65504208,5353,0.1492,178
"660","X178",23,65505195,66273571,208,2.0159,178
"661","X178",23,66278856,67175984,362,0.1873,178
"662","X178",23,67176006,67177760,4,-3.2482,178
"663","X178",23,67177803,110527135,2699,0.1449,178
"664","X178",23,110571568,110575736,2,5.8161,178
"665","X178",23,110603248,144629199,2240,0.1562,178
"666","X178",23,144645472,144674621,6,3.8305,178
"667","X178",23,144695462,155000485,767,-0.0244,178
"668","X179",1,798959,249217800,33987,0.0011,179
"669","X179",2,28250,18319582,3243,-0.0523,179
"670","X179",2,18327703,18338029,6,2.3206,179
"671","X179",2,18356051,38296474,5063,0.0019,179
"672","X179",2,38296884,38298150,9,-1.7633,179
"673","X179",2,38298203,217475199,26376,0.0154,179
"674","X179",2,217475434,217477806,3,5.9077,179
"675","X179",2,217478202,243040173,5785,-0.0288,179
"676","X179",3,66894,7394557,2067,0.0622,179
"677","X179",3,7405044,7411730,2,-7.765,179
"678","X179",3,7415452,7805209,79,-0.0411,179
"679","X179",3,7817657,7820659,2,-4.3235,179
"680","X179",3,7821610,87389074,13801,-0.0356,179
"681","X179",3,87392026,87395326,2,-6.1958,179
"682","X179",3,87398233,112938923,2855,-0.0245,179
"683","X179",3,112940553,112942269,2,-11.1927,179
"684","X179",3,112945111,197899531,13878,-0.0163,179
"685","X179",4,71566,11868786,1893,-0.2161,179
"686","X179",4,11873033,11875959,2,3.3576,179
"687","X179",4,11884262,31367687,2943,-0.0528,179
"688","X179",4,31371203,31377722,2,-4.0905,179
"689","X179",4,31382580,66583906,3901,-0.1094,179
"690","X179",4,66597539,66626260,7,3.0506,179
"691","X179",4,66645823,190895519,17924,-0.0949,179
"692","X179",5,38139,1375977,955,-0.2327,179
"693","X179",5,1376155,1376161,3,-3.2479,179
"694","X179",5,1376478,2068750,1566,-0.2424,179
"695","X179",5,2068772,2069245,3,2.9194,179
"696","X179",5,2073793,81349471,13396,-0.0539,179
"697","X179",5,81351443,81402224,11,-6.8998,179
"698","X179",5,81404713,104424956,2496,-0.0329,179
"699","X179",5,104436002,104494294,3,-4.5734,179
"700","X179",5,104509754,180709589,11545,-0.0506,179
"701","X179",6,190248,29820717,8905,0.0299,179
"702","X179",6,29820831,29821032,2,7.0648,179
"703","X179",6,29821293,170909924,28596,-0.0376,179
"704","X179",7,87646,159070969,24308,-0.0666,179
"705","X179",8,54746,128319713,21340,-0.0601,179
"706","X179",8,128320346,128321943,3,3.5207,179
"707","X179",8,128323181,128343879,32,0.4862,179
"708","X179",8,128343948,128344402,2,6.4432,179
"709","X179",8,128344410,146287335,4160,-0.0099,179
"710","X179",9,122459,141011428,20546,-0.0667,179
"711","X179",10,126070,135477825,24066,-0.1042,179
"712","X179",11,197698,63608047,9894,-0.092,179
"713","X179",11,63615426,63641439,4,-5.3671,179
"714","X179",11,63651036,134941778,12802,-0.0825,179
"715","X179",12,191619,133838994,24384,-0.0749,179
"716","X179",13,18597296,115091019,16025,-0.1111,179
"717","X179",14,19082146,22895875,595,-0.027,179
"718","X179",14,22910061,22925352,3,-4.8668,179
"719","X179",14,22926322,106330011,14554,-0.0732,179
"720","X179",14,106442255,107064525,28,2.9587,179
"721","X179",14,107139502,107287663,20,0.2435,179
"722","X179",15,20177092,102398631,14050,-0.0269,179
"723","X179",16,93507,80668802,11964,-0.1017,179
"724","X179",16,80672381,80674445,4,-5.5132,179
"725","X179",16,80691805,90172696,2617,-0.103,179
"726","X179",17,13905,53061075,10695,-0.0246,179
"727","X179",17,53061622,53062121,2,8.154,179
"728","X179",17,53062755,81051007,5301,-0.0671,179
"729","X179",18,13034,38170601,6860,-0.094,179
"730","X179",18,38173639,38232883,2,-6.2174,179
"731","X179",18,38257382,78011963,7021,-0.0371,179
"732","X179",19,240554,22060007,4396,-0.0672,179
"733","X179",19,22062158,23089596,89,-5.6864,179
"734","X179",19,23118399,54795336,6349,-0.0664,179
"735","X179",19,54795913,54800371,9,2.9191,179
"736","X179",19,54807888,59094136,1184,-0.0431,179
"737","X179",20,63244,62910548,13008,-0.0353,179
"738","X179",21,10516758,48100155,5937,-0.072,179
"739","X179",22,16055122,51183972,8864,-0.0479,179
"740","X179",23,208316,9827895,912,-0.1328,179
"741","X179",23,9827969,9831518,4,4.4489,179
"742","X179",23,9832086,66793745,4840,0.0103,179
"743","X179",23,66796087,66973206,82,1.8527,179
"744","X179",23,66974681,144625121,5031,-0.0638,179
"745","X179",23,144629199,144674621,7,3.5259,179
"746","X179",23,144695462,155000485,767,-0.0207,179
"747","X180",1,798959,249217800,33990,0.05,180
"748","X180",2,28250,29610088,6584,0.0492,180
"749","X180",2,29615227,29618678,7,-1.5207,180
"750","X180",2,29619971,46648548,3865,0.1724,180
"751","X180",2,46651624,46739832,18,-3.3987,180
"752","X180",2,46746745,64661404,3236,-0.0259,180
"753","X180",2,64662732,64663169,2,-5.0949,180
"754","X180",2,64665661,243040173,26774,0.0203,180
"755","X180",3,66894,184480151,30351,-0.0329,180
"756","X180",3,184482987,184485263,3,3.3094,180
"757","X180",3,184485570,197899531,2335,0.0976,180
"758","X180",4,71566,44955964,6685,-0.1403,180
"759","X180",4,44982038,45015525,5,2.7387,180
"760","X180",4,45018583,190895519,19984,-0.1712,180
"761","X180",5,38139,180709589,29977,-0.0755,180
"762","X180",6,190248,29820717,8909,0.0015,180
"763","X180",6,29820831,29821032,2,8.785,180
"764","X180",6,29821293,160894693,26496,0.0541,180
"765","X180",6,160895129,160896587,2,-3.8345,180
"766","X180",6,160897872,170909924,2101,-0.3066,180
"767","X180",7,87646,159070969,24306,-0.0611,180
"768","X180",8,54746,29547505,7960,-0.2014,180
"769","X180",8,29548276,29551058,3,-1.9744,180
"770","X180",8,29558453,36256428,898,-0.1306,180
"771","X180",8,36274953,36277667,2,-4.9601,180
"772","X180",8,36282280,146287335,16674,-0.0184,180
"773","X180",9,122459,16881914,4078,-0.0923,180
"774","X180",9,16883602,16884586,2,4.0546,180
"775","X180",9,16885017,141011428,16470,-0.0875,180
"776","X180",10,126070,135477825,24069,0.0092,180
"777","X180",11,197698,72270688,11959,-0.034,180
"778","X180",11,72281884,72284569,2,-3.5531,180
"779","X180",11,72289291,118816304,7687,-0.0108,180
"780","X180",11,118825636,118827655,2,3.7363,180
"781","X180",11,118831727,134941778,3054,-0.1305,180
"782","X180",12,191619,133838994,24386,-0.0186,180
"783","X180",13,18597296,32903629,2681,0.0602,180
"784","X180",13,32903812,32905056,4,3.6701,180
"785","X180",13,32905082,51060955,2952,0.0891,180
"786","X180",13,51064301,51066171,2,4.2584,180
"787","X180",13,51068045,92588424,6131,-0.3241,180
"788","X180",13,92588826,92590126,2,-2.6237,180
"789","X180",13,92610004,94827624,338,-0.5861,180
"790","X180",13,94833340,94844743,2,-3.5584,180
"791","X180",13,94844960,99289164,789,0.0173,180
"792","X180",13,99293588,99297787,2,-6.0504,180
"793","X180",13,99299451,115091019,3121,-0.2292,180
"794","X180",14,19082146,106127330,15152,-0.0558,180
"795","X180",14,106259769,106709860,17,2.7692,180
"796","X180",14,106824902,107064525,18,-3.7049,180
"797","X180",14,107139502,107287663,20,0.2666,180
"798","X180",15,20177092,60924766,6964,-5e-04,180
"799","X180",15,60943036,60943212,2,3.6243,180
"800","X180",15,60952440,102398631,7089,0.0757,180
"801","X180",16,93507,77204995,10882,0.0079,180
"802","X180",16,77205957,77224827,4,2.4597,180
"803","X180",16,77227831,90172696,3700,-0.0144,180
"804","X180",17,13905,81051007,16000,0.1555,180
"805","X180",18,13034,10358523,1992,0.0356,180
"806","X180",18,10358570,10362426,5,-2.2162,180
"807","X180",18,10363171,78011963,11888,-0.0964,180
"808","X180",19,240554,43872652,7966,0.1684,180
"809","X180",19,43874852,43874891,2,-5.234,180
"810","X180",19,43875966,54549820,2656,0.08,180
"811","X180",19,54550487,54551098,4,-4.9727,180
"812","X180",19,54551282,54795336,208,0.2414,180
"813","X180",19,54795913,54800371,9,4.3274,180
"814","X180",19,54807888,59094136,1184,0.1581,180
"815","X180",20,63244,62910548,13006,0.0556,180
"816","X180",21,10516758,48100155,5938,-0.186,180
"817","X180",22,16055122,22903788,809,0.3121,180
"818","X180",22,22916777,23262162,23,3.7117,180
"819","X180",22,23263708,51183972,8033,0.196,180
"820","X180",23,208316,3481583,145,0.2938,180
"821","X180",23,3500998,3566647,32,3.802,180
"822","X180",23,3566698,32026403,2611,0.0642,180
"823","X180",23,32028657,32035829,3,3.6159,180
"824","X180",23,32036076,65023944,2415,-0.0992,180
"825","X180",23,65024661,65026658,2,2.7713,180
"826","X180",23,65030162,105449661,3111,-0.0894,180
"827","X180",23,105450426,105558599,6,4.1454,180
"828","X180",23,105559067,144629199,2542,-0.1493,180
"829","X180",23,144645472,144674621,6,5.9128,180
"830","X180",23,144695462,150452731,391,-0.4494,180
"831","X180",23,150468819,150470786,2,6.5981,180
"832","X180",23,150471144,155000485,374,-0.0045,180
"833","X181",1,798959,249217800,33978,0.0017,181
"834","X181",2,28250,20245275,4205,0.1553,181
"835","X181",2,20251758,20252014,3,-3.293,181
"836","X181",2,20252270,25621530,1500,0.0561,181
"837","X181",2,25623590,25643944,9,-1.9566,181
"838","X181",2,25648387,97442044,11862,0.0575,181
"839","X181",2,97479941,97508678,3,3.3038,181
"840","X181",2,97512059,151513311,6823,0.117,181
"841","X181",2,151531154,151744698,32,3.1321,181
"842","X181",2,151749160,217474433,10253,-0.013,181
"843","X181",2,217475199,217477806,4,-7.9709,181
"844","X181",2,217478202,243040173,5784,0.1148,181
"845","X181",3,66894,148941275,24609,0.0108,181
"846","X181",3,148941958,148950780,2,-6.1096,181
"847","X181",3,148962041,197899531,8067,-0.0717,181
"848","X181",4,71566,20555216,3203,0.1199,181
"849","X181",4,20557837,20565861,4,-6.0069,181
"850","X181",4,20570270,38751694,2544,0.2299,181
"851","X181",4,38754189,38754888,2,-4.6805,181
"852","X181",4,38757400,186390753,20000,0,181
"853","X181",4,186399498,186405005,2,-7.9851,181
"854","X181",4,186427735,190895519,913,0.2811,181
"855","X181",5,38139,1300439,706,0.3535,181
"856","X181",5,1300498,1300584,2,-2.5971,181
"857","X181",5,1300704,180709589,29262,0.0653,181
"858","X181",6,190248,29849838,8948,-0.0603,181
"859","X181",6,29850007,29906691,2,-32.7597,181
"860","X181",6,29907861,170909924,28556,-0.0234,181
"861","X181",7,87646,27701861,5738,0.0809,181
"862","X181",7,27702670,27702676,2,-5.559,181
"863","X181",7,27702940,63758482,4972,0.0684,181
"864","X181",7,63766440,63771372,2,-3.0757,181
"865","X181",7,63778717,71239082,783,0.2412,181
"866","X181",7,71249755,71266533,4,4.1629,181
"867","X181",7,71272257,148669518,10932,0.0578,181
"868","X181",7,148680989,148694939,2,-6.5042,181
"869","X181",7,148698474,150586697,275,0.0472,181
"870","X181",7,150588800,150594658,2,-4.1511,181
"871","X181",7,150596680,159070969,1593,0.2116,181
"872","X181",8,54746,29412012,7870,0.1917,181
"873","X181",8,29412849,29413617,3,-3.1281,181
"874","X181",8,29416526,72731717,4885,0.0414,181
"875","X181",8,72741396,72776166,9,-1.7952,181
"876","X181",8,72777556,126257079,7514,-0.0072,181
"877","X181",8,126258883,126268020,4,-2.7364,181
"878","X181",8,126268046,146287335,5249,0.0197,181
"879","X181",9,122459,10532106,2728,-0.0236,181
"880","X181",9,10546257,10583223,15,-6.6963,181
"881","X181",9,10586527,123958447,14894,0.0828,181
"882","X181",9,123964516,123987671,5,-3.9337,181
"883","X181",9,123993541,141011428,2896,0.1101,181
"884","X181",10,126070,20288812,4795,0.1113,181
"885","X181",10,20301670,20319192,7,-6.0042,181
"886","X181",10,20328323,38258842,2877,0.0239,181
"887","X181",10,38299132,38346350,4,-1.9541,181
"888","X181",10,38357774,135477825,16381,0.0203,181
"889","X181",11,197698,107644296,17324,0.0713,181
"890","X181",11,107653081,107670228,5,3.3629,181
"891","X181",11,107673504,134941778,5371,-0.0039,181
"892","X181",12,191619,133838994,24379,0.0303,181
"893","X181",13,18597296,42953063,4503,-0.0272,181
"894","X181",13,42953077,42997267,3,-3.9826,181
"895","X181",13,43032027,51060955,1131,-0.1235,181
"896","X181",13,51064301,51066171,2,-6.4544,181
"897","X181",13,51068045,103223611,7961,0.1981,181
"898","X181",13,103225662,103247624,2,-5.0283,181
"899","X181",13,103266783,115091019,2419,0.1836,181
"900","X181",14,19082146,68606894,8320,0.0207,181
"901","X181",14,68607023,68607687,2,-13.3831,181
"902","X181",14,68608754,106328999,6829,0.0509,181
"903","X181",14,106330011,106472726,4,-4.3866,181
"904","X181",14,106487751,106824902,8,0.3659,181
"905","X181",14,106846077,107064525,17,-4.2304,181
"906","X181",14,107139502,107287663,20,-0.47,181
"907","X181",15,20177092,102398631,14054,0.0524,181
"908","X181",16,93507,52426549,5919,0.1691,181
"909","X181",16,52426857,52431954,3,-4.1505,181
"910","X181",16,52432148,53122486,516,0.0926,181
"911","X181",16,53123383,53123761,2,-5.6506,181
"912","X181",16,53125819,90172696,8143,0.1946,181
"913","X181",17,13905,44223593,8280,0.0735,181
"914","X181",17,44225607,44225886,3,-3.5988,181
"915","X181",17,44228169,52448143,2189,-0.0234,181
"916","X181",17,52457425,52467631,3,5.4973,181
"917","X181",17,52483122,81051007,5521,0.1141,181
"918","X181",18,13034,41174033,7248,0.0532,181
"919","X181",18,41183021,41212406,2,5.2169,181
"920","X181",18,41214219,41973639,99,0.0628,181
"921","X181",18,41991478,42007735,2,5.2459,181
"922","X181",18,42010438,46504760,1181,-0.0319,181
"923","X181",18,46504987,46507757,2,4.9581,181
"924","X181",18,46507768,67538824,3320,0.0197,181
"925","X181",18,67541633,67556646,6,-2.015,181
"926","X181",18,67557034,78011963,2023,0.2546,181
"927","X181",19,240554,59094136,12028,0.1999,181
"928","X181",20,63244,62313878,12600,0.0817,181
"929","X181",20,62318220,62318856,2,-6.7368,181
"930","X181",20,62319464,62910548,406,0.2528,181
"931","X181",21,10516758,46419158,5570,0.199,181
"932","X181",21,46427961,46441947,2,5.62,181
"933","X181",21,46454237,48100155,365,0.3234,181
"934","X181",22,16055122,23141620,821,0.1353,181
"935","X181",22,23174622,23262162,11,5.1644,181
"936","X181",22,23263708,51183972,8029,0.093,181
"937","X181",23,208316,51961710,4431,-0.1453,181
"938","X181",23,51972130,51973814,2,-6.0513,181
"939","X181",23,51975598,63460279,452,-0.0783,181
"940","X181",23,63466988,63468522,2,11.4439,181
"941","X181",23,63468567,137994454,5445,-0.0819,181
"942","X181",23,138013787,138046074,7,2.4236,181
"943","X181",23,138051940,144629199,526,0.2063,181
"944","X181",23,144645472,144674621,6,3.7811,181
"945","X181",23,144695462,155000485,767,0.0854,181
"946","X182",1,798959,249217800,33985,0.0137,182
"947","X182",2,28250,202124502,32412,0.0468,182
"948","X182",2,202124997,202126615,2,-6.0454,182
"949","X182",2,202127863,217474433,2285,0.0498,182
"950","X182",2,217475199,217477806,4,4.4614,182
"951","X182",2,217478202,241826517,5440,0.0685,182
"952","X182",2,241838837,241843303,2,5.8762,182
"953","X182",2,241845275,243040173,343,0.0986,182
"954","X182",3,66894,53878616,9874,0.0106,182
"955","X182",3,53883910,53899276,3,4.2566,182
"956","X182",3,53899565,72383495,3575,-0.0051,182
"957","X182",3,72387389,72393312,2,7.54,182
"958","X182",3,72397410,197899531,19236,0.0634,182
"959","X182",4,71566,190895519,26668,0.0509,182
"960","X182",5,38139,180709589,29973,0.05,182
"961","X182",6,190248,170909924,37509,0.0531,182
"962","X182",7,87646,159070969,24303,0.0792,182
"963","X182",8,54746,23642390,6580,-0.0642,182
"964","X182",8,23642424,23648738,2,-5.0094,182
"965","X182",8,23649025,146287335,18951,0.0272,182
"966","X182",9,122459,141011428,20545,0.091,182
"967","X182",10,126070,135477825,24065,0.0252,182
"968","X182",11,197698,134941778,22698,0.1954,182
"969","X182",12,191619,133838994,24383,0.0336,182
"970","X182",13,18597296,115091019,16025,0.0289,182
"971","X182",14,19082146,107287663,15200,0.0268,182
"972","X182",15,20177092,102398631,14053,0.0227,182
"973","X182",16,93507,90172696,14584,0.0854,182
"974","X182",17,13905,81051007,15997,0.063,182
"975","X182",18,13034,78011963,13881,0.0363,182
"976","X182",19,240554,59094136,12028,0.0841,182
"977","X182",20,63244,62910548,13007,0.0322,182
"978","X182",21,10516758,39908540,4241,0.1085,182
"979","X182",21,39912467,39916756,4,-6.6148,182
"980","X182",21,39918553,48100155,1695,0.1588,182
"981","X182",22,16055122,23113935,820,0.1456,182
"982","X182",22,23141620,23262162,12,9.5816,182
"983","X182",22,23263708,51183972,8032,0.0744,182
"984","X182",23,208316,144629199,10868,0.0491,182
"985","X182",23,144645472,144674621,6,4.7616,182
"986","X182",23,144695462,155000485,767,-0.0133,182
"987","X183",1,798959,249217800,33989,-0.0519,183
"988","X183",2,28250,243040173,40490,-0.1141,183
"989","X183",3,66894,170436681,28223,-0.0661,183
"990","X183",3,170440005,170440978,2,-5.7173,183
"991","X183",3,170441188,197899531,4466,-0.0827,183
"992","X183",4,71566,106285090,14721,-0.0587,183
"993","X183",4,106288827,106294522,4,3.8488,183
"994","X183",4,106295847,190895519,11948,0.8923,183
"995","X183",5,38139,107404634,18747,-0.0659,183
"996","X183",5,107420876,107671932,26,-6.2615,183
"997","X183",5,107731684,180709589,11207,-0.0825,183
"998","X183",6,190248,170909924,37513,-0.0514,183
"999","X183",7,87646,159070969,24309,-0.0792,183
"1000","X183",8,54746,128343879,21372,-0.068,183
"1001","X183",8,128343948,128344402,2,15.3416,183
"1002","X183",8,128344410,146287335,4161,-0.0118,183
"1003","X183",9,122459,141011428,20549,-0.0708,183
"1004","X183",10,126070,20783841,4866,-0.1176,183
"1005","X183",10,20790657,20796639,4,2.8688,183
"1006","X183",10,20801593,135477825,19198,0.4548,183
"1007","X183",11,197698,134941778,22703,-0.0606,183
"1008","X183",12,191619,133838994,24385,-0.0566,183
"1009","X183",13,18597296,50729354,5591,-0.0858,183
"1010","X183",13,50736397,50751849,2,-3.8032,183
"1011","X183",13,50751963,115091019,10428,0.028,183
"1012","X183",14,19082146,106127330,15148,-0.0223,183
"1013","X183",14,106259769,106312983,5,10.9788,183
"1014","X183",14,106328999,107287663,50,0.6872,183
"1015","X183",15,20177092,32049125,1313,-0.1702,183
"1016","X183",15,32067075,32539596,128,2.71,183
"1017","X183",15,32616451,102398631,12613,-0.0471,183
"1018","X183",16,93507,90172696,14586,-0.0541,183
"1019","X183",17,13905,81051007,15999,-0.0596,183
"1020","X183",18,13034,39384413,7002,-0.0633,183
"1021","X183",18,39395577,39444514,9,-4.7338,183
"1022","X183",18,39457609,78011963,6873,-0.0815,183
"1023","X183",19,240554,54549586,10623,-0.0781,183
"1024","X183",19,54549820,54551098,5,7.8477,183
"1025","X183",19,54551282,59094136,1402,-0.0662,183
"1026","X183",20,63244,62910548,13007,-0.0443,183
"1027","X183",21,10516758,48100155,5939,-0.0672,183
"1028","X183",22,16055122,23141620,822,-0.0365,183
"1029","X183",22,23174622,23262162,11,9.4906,183
"1030","X183",22,23263708,34668330,4030,-0.0846,183
"1031","X183",22,34679390,34692625,3,-5.4316,183
"1032","X183",22,34697217,42523533,1615,-0.0803,183
"1033","X183",22,42523567,42536660,4,-6.1475,183
"1034","X183",22,42536703,43713253,697,-0.0285,183
"1035","X183",22,43714693,43715848,2,-5.2135,183
"1036","X183",22,43715862,51183972,1682,-0.095,183
"1037","X183",23,208316,155000485,11640,0.1028,183
"1038","X184",1,798959,249217800,33986,0.0239,184
"1039","X184",2,28250,243040173,40486,-0.0277,184
"1040","X184",3,66894,170552971,28299,-0.0183,184
"1041","X184",3,170553303,170555483,2,11.5362,184
"1042","X184",3,170557417,197899531,4392,0.0034,184
"1043","X184",4,71566,190895519,26672,-0.1582,184
"1044","X184",5,38139,78416585,15342,-0.0765,184
"1045","X184",5,78417152,78417158,2,-3.3299,184
"1046","X184",5,78417773,180709589,14633,-0.0136,184
"1047","X184",6,190248,1060372,207,0.0419,184
"1048","X184",6,1063883,1075055,5,-2.095,184
"1049","X184",6,1076198,29816421,8680,0.0415,184
"1050","X184",6,29817244,29817617,2,7.9227,184
"1051","X184",6,29818568,32088988,2472,0.336,184
"1052","X184",6,32093922,32097334,5,-2.4248,184
"1053","X184",6,32097421,170909924,26136,-0.0107,184
"1054","X184",7,87646,142328771,21514,-0.07,184
"1055","X184",7,142340496,142456928,11,-2.6338,184
"1056","X184",7,142474091,149796173,1057,-0.0541,184
"1057","X184",7,149806076,149806177,2,-5.2698,184
"1058","X184",7,149806645,159070969,1725,-0.0547,184
"1059","X184",8,54746,146287335,25538,-0.0435,184
"1060","X184",9,122459,141011428,20548,-0.0648,184
"1061","X184",10,126070,64114459,10386,-0.0363,184
"1062","X184",10,64117756,64124637,3,-3.1838,184
"1063","X184",10,64127715,134691496,13594,-0.1132,184
"1064","X184",10,134705373,134791715,20,2.6355,184
"1065","X184",10,134800611,135477825,64,-0.118,184
"1066","X184",11,197698,134941778,22703,0.0012,184
"1067","X184",12,191619,133838994,24379,-0.0074,184
"1068","X184",13,18597296,104026274,13784,-0.0921,184
"1069","X184",13,104029330,104046457,5,-5.7191,184
"1070","X184",13,104046550,115091019,2233,-0.2281,184
"1071","X184",14,19082146,106127330,15150,-0.0012,184
"1072","X184",14,106259769,106312983,5,10.1439,184
"1073","X184",14,106328999,106709860,12,-0.5769,184
"1074","X184",14,106824902,107287663,38,1.1396,184
"1075","X184",15,20177092,24257659,215,-0.1188,184
"1076","X184",15,24260060,24267426,2,-7.5703,184
"1077","X184",15,24278595,33064635,1435,-0.1468,184
"1078","X184",15,33064825,33065645,4,-2.9201,184
"1079","X184",15,33065810,102398631,12395,0.0534,184
"1080","X184",16,93507,90172696,14586,-0.0017,184
"1081","X184",17,13905,36567000,6086,0.0068,184
"1082","X184",17,36568481,36570042,3,-5.4032,184
"1083","X184",17,36570674,39468330,413,0.2118,184
"1084","X184",17,39472842,39502230,3,-5.0948,184
"1085","X184",17,39507671,81051007,9493,0.0195,184
"1086","X184",18,13034,41174033,7246,-0.0774,184
"1087","X184",18,41183021,41212406,2,4.5738,184
"1088","X184",18,41214219,78011963,6633,-0.0567,184
"1089","X184",19,240554,54549586,10623,0.0563,184
"1090","X184",19,54549820,54551098,5,10.3228,184
"1091","X184",19,54551282,59094136,1401,0.04,184
"1092","X184",20,63244,62313878,12600,-0.0351,184
"1093","X184",20,62318220,62318856,2,-15.4058,184
"1094","X184",20,62319464,62910548,406,0.1213,184
"1095","X184",21,10516758,48100155,5939,-0.0965,184
"1096","X184",22,16055122,23113935,821,0.0961,184
"1097","X184",22,23141620,23262162,12,10.3142,184
"1098","X184",22,23263708,51183972,8031,0.0751,184
"1099","X184",23,208316,155000485,11640,0.235,184
"1100","X185",1,798959,204905920,25904,-0.0132,185
"1101","X185",1,204906922,204908774,2,-59.5707,185
"1102","X185",1,204912094,207573387,842,-0.0109,185
"1103","X185",1,207578194,207594943,2,-46.0042,185
"1104","X185",1,207595822,249217800,7229,-0.0123,185
"1105","X185",2,28250,217474433,34698,-0.049,185
"1106","X185",2,217475199,217477806,4,-11.5195,185
"1107","X185",2,217478202,243040173,5785,-0.0495,185
"1108","X185",3,66894,197899531,32691,0.0015,185
"1109","X185",4,71566,186388073,25756,-0.0905,185
"1110","X185",4,186390753,186399498,2,2.8516,185
"1111","X185",4,186405005,190895519,914,-0.2149,185
"1112","X185",5,38139,107390303,18737,-0.0163,185
"1113","X185",5,107395914,107458206,9,1.6194,185
"1114","X185",5,107494111,180709589,11223,-0.0158,185
"1115","X185",6,190248,32446922,11826,0.0076,185
"1116","X185",6,32446960,32447364,2,4.9737,185
"1117","X185",6,32448129,32451730,14,0.9483,185
"1118","X185",6,32451788,32453988,3,7.4023,185
"1119","X185",6,32486138,170909924,25668,-0.0184,185
"1120","X185",7,87646,150235783,22632,-0.0215,185
"1121","X185",7,150238170,150253913,3,-4.5919,185
"1122","X185",7,150262436,159070969,1673,-0.0491,185
"1123","X185",8,54746,128343879,21376,-0.0177,185
"1124","X185",8,128343948,128344402,2,12.4021,185
"1125","X185",8,128344410,146287335,4161,-0.043,185
"1126","X185",9,122459,141011428,20550,-0.0126,185
"1127","X185",10,126070,163707,4,-2.3783,185
"1128","X185",10,178434,135477825,24064,-0.0902,185
"1129","X185",11,197698,134941778,22704,-0.0328,185
"1130","X185",12,191619,32001515,7233,-0.0425,185
"1131","X185",12,32004170,32063002,13,2.2871,185
"1132","X185",12,32068691,53121884,3294,-0.0316,185
"1133","X185",12,53123803,53124472,2,8.3464,185
"1134","X185",12,53125145,133838994,13839,-0.0464,185
"1135","X185",13,18597296,115091019,16026,-0.0536,185
"1136","X185",14,19082146,106127330,15151,0.0766,185
"1137","X185",14,106259769,106312983,5,-18.5419,185
"1138","X185",14,106328999,106679654,11,-0.1845,185
"1139","X185",14,106709860,106851773,4,-2.7697,185
"1140","X185",14,106855849,107287663,35,0.6176,185
"1141","X185",15,20177092,102398631,14054,-0.0238,185
"1142","X185",16,93507,90172696,14585,-6e-04,185
"1143","X185",17,13905,81051007,16000,-0.0466,185
"1144","X185",18,13034,41973639,7344,-0.0363,185
"1145","X185",18,41991478,42007735,2,-12.6178,185
"1146","X185",18,42010438,78011963,6531,-0.0356,185
"1147","X185",19,240554,54549820,10625,-0.0687,185
"1148","X185",19,54550487,54551098,4,5.8854,185
"1149","X185",19,54551282,54794131,205,0.0205,185
"1150","X185",19,54794394,54800371,12,-2.8369,185
"1151","X185",19,54807888,59094136,1185,-0.1397,185
"1152","X185",20,63244,62313878,12599,-0.035,185
"1153","X185",20,62318220,62318856,2,8.1659,185
"1154","X185",20,62319464,62910548,406,-0.1421,185
"1155","X185",21,10516758,48100155,5940,-0.0161,185
"1156","X185",22,16055122,23141620,821,-0.1301,185
"1157","X185",22,23174622,23262162,11,7.2447,185
"1158","X185",22,23263708,51183972,8031,-0.0404,185
"1159","X185",23,208316,155000485,11640,-0.0592,185
"1160","X186",1,798959,249217800,33985,-0.0057,186
"1161","X186",2,28250,217474433,34699,0.0155,186
"1162","X186",2,217475199,217477806,4,6.6086,186
"1163","X186",2,217478202,243040173,5784,-0.0372,186
"1164","X186",3,66894,170436681,28224,0.0321,186
"1165","X186",3,170440005,170440978,2,-4.2092,186
"1166","X186",3,170441188,170552971,72,-0.1934,186
"1167","X186",3,170553303,170555483,2,11.983,186
"1168","X186",3,170557417,197899531,4391,6e-04,186
"1169","X186",4,71566,190895519,26671,0.0329,186
"1170","X186",5,38139,168924485,27823,0.0253,186
"1171","X186",5,168948878,168963357,2,-3.6017,186
"1172","X186",5,168970505,180709589,2149,-0.0775,186
"1173","X186",6,190248,32589282,11976,-0.0054,186
"1174","X186",6,32590722,32595906,27,-1.5289,186
"1175","X186",6,32595954,41191487,3891,-0.0874,186
"1176","X186",6,41191929,41196156,3,5.2285,186
"1177","X186",6,41196492,170909924,21615,0.0469,186
"1178","X186",7,87646,44171471,8679,0.0119,186
"1179","X186",7,44177191,44189023,4,-3.1752,186
"1180","X186",7,44193404,159070969,15627,0.0397,186
"1181","X186",8,54746,146287335,25538,0.0343,186
"1182","X186",9,122459,141011428,20548,0.024,186
"1183","X186",10,126070,135477825,24066,-0.0281,186
"1184","X186",11,197698,48375604,8182,0.0228,186
"1185","X186",11,48387275,48694871,16,-4.4763,186
"1186","X186",11,48791516,134941778,14500,-0.0295,186
"1187","X186",12,191619,133155907,24300,-0.0164,186
"1188","X186",12,133168145,133179101,4,8.0738,186
"1189","X186",12,133179464,133838994,81,0.0869,186
"1190","X186",13,18597296,19316500,10,1.905,186
"1191","X186",13,19392086,40881549,4219,-0.0292,186
"1192","X186",13,40886355,40887750,2,-5.3139,186
"1193","X186",13,40902175,115091019,11792,0.0588,186
"1194","X186",14,19082146,107287663,15202,0.0239,186
"1195","X186",15,20177092,102398631,14054,-0.048,186
"1196","X186",16,93507,90172696,14584,-0.0706,186
"1197","X186",17,13905,35243142,5601,-0.066,186
"1198","X186",17,35243500,35248406,3,5.6337,186
"1199","X186",17,35249475,81051007,10393,-0.0729,186
"1200","X186",18,13034,78011963,13880,0.0463,186
"1201","X186",19,240554,54549586,10623,-0.0173,186
"1202","X186",19,54549820,54551098,5,5.033,186
"1203","X186",19,54551282,59094136,1402,0.0683,186
"1204","X186",20,63244,62910548,13004,-0.0103,186
"1205","X186",21,10516758,48100155,5939,-0.0028,186
"1206","X186",22,16055122,23141620,822,-0.0603,186
"1207","X186",22,23174622,23262162,11,10.1573,186
"1208","X186",22,23263708,51183972,8029,-0.0816,186
"1209","X186",23,208316,155000485,11645,0.0881,186
"1210","X187",1,798959,203005821,25157,0.0731,187
"1211","X187",1,203014196,203016578,2,5.0064,187
"1212","X187",1,203017087,204905920,748,0.0793,187
"1213","X187",1,204906922,204908774,2,16.6127,187
"1214","X187",1,204912094,249217800,8077,0.1446,187
"1215","X187",2,28250,217474433,34699,0.0819,187
"1216","X187",2,217475199,217477806,4,2.8535,187
"1217","X187",2,217478202,243040173,5785,0.0737,187
"1218","X187",3,66894,170431600,28223,0.1374,187
"1219","X187",3,170432985,170440978,4,-3.4671,187
"1220","X187",3,170441188,197899531,4465,0.0828,187
"1221","X187",4,71566,22048637,3467,0.2223,187
"1222","X187",4,22057269,22073183,3,-5.442,187
"1223","X187",4,22079733,100355490,10270,0.1807,187
"1224","X187",4,100356179,100356466,2,3.8139,187
"1225","X187",4,100357038,190895519,12927,0.2581,187
"1226","X187",5,38139,180709589,29973,0.1423,187
"1227","X187",6,190248,29821896,8911,0.0638,187
"1228","X187",6,29821937,29821982,2,6.3337,187
"1229","X187",6,29822082,32370835,2763,-0.1724,187
"1230","X187",6,32370859,32374595,5,3.623,187
"1231","X187",6,32375352,138428979,18113,0.0863,187
"1232","X187",6,138429600,138439023,4,-3.5627,187
"1233","X187",6,138444360,150931777,1710,0.1284,187
"1234","X187",6,150935797,150936716,2,-3.139,187
"1235","X187",6,150959792,160727359,3579,0.0956,187
"1236","X187",6,160727406,160727785,6,-1.9461,187
"1237","X187",6,160727799,170909924,2408,0.298,187
"1238","X187",7,87646,19411289,3841,0.0978,187
"1239","X187",7,19413271,19541920,25,3.4365,187
"1240","X187",7,19546638,142423289,17649,0.115,187
"1241","X187",7,142434960,142456928,4,-4.5319,187
"1242","X187",7,142474091,159070969,2784,0.1521,187
"1243","X187",8,54746,146287335,25537,0.1465,187
"1244","X187",9,122459,141011428,20545,0.1556,187
"1245","X187",10,126070,135477825,24067,0.133,187
"1246","X187",11,197698,81420576,13699,0.1018,187
"1247","X187",11,81449443,81726997,45,1.9043,187
"1248","X187",11,81770027,130308047,7988,0.1291,187
"1249","X187",11,130313181,130315620,2,3.5274,187
"1250","X187",11,130321640,131547887,274,0.2959,187
"1251","X187",11,131548263,131565964,4,-1.939,187
"1252","X187",11,131568283,134941778,687,0.3761,187
"1253","X187",12,191619,28582971,6589,0.025,187
"1254","X187",12,28583301,28584962,2,3.8767,187
"1255","X187",12,28588516,53121884,3948,0.0761,187
"1256","X187",12,53123803,53124472,2,-5.8222,187
"1257","X187",12,53125145,133838994,13843,0.1577,187
"1258","X187",13,18597296,32557252,2360,0.1095,187
"1259","X187",13,32557963,32560332,3,-4.3673,187
"1260","X187",13,32560836,115091019,13658,0.1825,187
"1261","X187",14,19082146,69472730,9054,-0.0998,187
"1262","X187",14,69473296,69475189,2,6.3842,187
"1263","X187",14,69475395,106127330,6092,-0.1265,187
"1264","X187",14,106259769,106312983,5,7.0351,187
"1265","X187",14,106328999,107287663,50,0.0711,187
"1266","X187",15,20177092,102398631,14052,0.1225,187
"1267","X187",16,93507,52426549,5919,0.0938,187
"1268","X187",16,52426857,52431954,3,-5.1025,187
"1269","X187",16,52432148,67304915,3137,0.3554,187
"1270","X187",16,67316600,67319278,2,-8.6875,187
"1271","X187",16,67322857,90172696,5525,0.0871,187
"1272","X187",17,13905,46441441,8808,-0.0136,187
"1273","X187",17,46442739,46445993,4,-4.0852,187
"1274","X187",17,46447307,81051007,7185,0.0919,187
"1275","X187",18,13034,71671333,12591,0.1614,187
"1276","X187",18,71672577,71674707,2,4.2927,187
"1277","X187",18,71676408,78011963,1290,0.1702,187
"1278","X187",19,240554,54549586,10624,-0.0382,187
"1279","X187",19,54549820,54551098,5,11.2978,187
"1280","X187",19,54551282,59094136,1401,0.0351,187
"1281","X187",20,63244,4815346,920,-9e-04,187
"1282","X187",20,4826400,4832044,2,-4.0787,187
"1283","X187",20,4850548,62313878,11674,0.1205,187
"1284","X187",20,62318220,62318856,2,-14.7584,187
"1285","X187",20,62319464,62910548,406,-0.1245,187
"1286","X187",21,10516758,18521826,941,0.106,187
"1287","X187",21,18529066,18532244,2,-3.7448,187
"1288","X187",21,18541418,48100155,4995,0.2038,187
"1289","X187",22,16055122,23113935,821,0.1157,187
"1290","X187",22,23141620,23262162,12,9.6385,187
"1291","X187",22,23263708,51183972,8031,0.0259,187
"1292","X187",23,208316,10669749,1218,-1.5266,187
"1293","X187",23,10674880,10680525,2,-14.4413,187
"1294","X187",23,10692988,144629199,9647,-1.9335,187
"1295","X187",23,144645472,144674621,6,1.716,187
"1296","X187",23,144695462,155000485,767,-1.6323,187
"1297","X188",1,798959,15788789,2614,0.0545,188
"1298","X188",1,15792426,15810624,6,-4.3897,188
"1299","X188",1,15812665,204905920,23289,0.0245,188
"1300","X188",1,204906922,204908774,2,14.3469,188
"1301","X188",1,204912094,249217800,8079,0.011,188
"1302","X188",2,28250,97479941,17586,0.6453,188
"1303","X188",2,97500775,97508678,2,7.1977,188
"1304","X188",2,97512059,216465787,16880,0.6682,188
"1305","X188",2,216476874,216478645,2,-4.7067,188
"1306","X188",2,216482425,217474433,232,0.6456,188
"1307","X188",2,217475199,217477806,4,-5.3949,188
"1308","X188",2,217478202,243040173,5785,0.6412,188
"1309","X188",3,66894,197899531,32686,0.0123,188
"1310","X188",4,71566,161323274,21286,-0.0099,188
"1311","X188",4,161337836,163048238,237,-3.873,188
"1312","X188",4,163057553,190895519,5143,-0.0612,188
"1313","X188",5,38139,33513441,7914,0.0608,188
"1314","X188",5,33518227,33546432,2,-4.9093,188
"1315","X188",5,33556366,180709589,22056,0.0235,188
"1316","X188",6,190248,170909924,37500,-0.0474,188
"1317","X188",7,87646,159070969,24308,0.0191,188
"1318","X188",8,54746,128343879,21374,0.0335,188
"1319","X188",8,128343948,128344402,2,8.7531,188
"1320","X188",8,128344410,146287335,4159,0.0593,188
"1321","X188",9,122459,141011428,20546,0.0859,188
"1322","X188",10,126070,135477825,24063,0.0059,188
"1323","X188",11,197698,134941778,22702,0.0455,188
"1324","X188",12,191619,28475730,6536,0.0181,188
"1325","X188",12,28479757,28484172,2,4.2318,188
"1326","X188",12,28487853,53121884,4000,-0.0502,188
"1327","X188",12,53123803,53124472,2,-6.638,188
"1328","X188",12,53125145,133838994,13838,0.0443,188
"1329","X188",13,18597296,115091019,16023,0.0234,188
"1330","X188",14,19082146,107287663,15198,-0.2273,188
"1331","X188",15,20177092,102398631,14055,0.0365,188
"1332","X188",16,93507,90172696,14586,0.0466,188
"1333","X188",17,13905,46406620,8774,-0.0117,188
"1334","X188",17,46407434,46408635,3,-4.5852,188
"1335","X188",17,46409991,81051007,7222,-0.0081,188
"1336","X188",18,13034,78011963,13880,0.044,188
"1337","X188",19,240554,20141944,4223,-0.0866,188
"1338","X188",19,20150247,20314416,14,2.5739,188
"1339","X188",19,20329111,43786678,3706,-0.0387,188
"1340","X188",19,43788866,43823065,11,-5.3657,188
"1341","X188",19,43844777,54549820,2670,-0.0584,188
"1342","X188",19,54550487,54551098,4,-38.8925,188
"1343","X188",19,54551282,54623834,52,-0.2647,188
"1344","X188",19,54625765,54627915,2,-5.7145,188
"1345","X188",19,54628298,59094136,1348,-0.0535,188
"1346","X188",20,63244,62910548,13004,0.0148,188
"1347","X188",21,10516758,48100155,5938,0.0168,188
"1348","X188",22,16055122,23141620,822,0.0178,188
"1349","X188",22,23174622,23262162,11,13.3425,188
"1350","X188",22,23263708,51183972,8033,0.0375,188
"1351","X188",23,208316,155000485,11640,0.189,188
"1352","X189",1,798959,249217800,33988,-0.0266,189
"1353","X189",2,28250,217474433,34699,-0.0309,189
"1354","X189",2,217475199,217477806,4,9.4147,189
"1355","X189",2,217478202,243040173,5785,0.0231,189
"1356","X189",3,66894,197899531,32693,-0.0345,189
"1357","X189",4,71566,156122449,20686,-0.0843,189
"1358","X189",4,156123035,156141524,6,-2.3859,189
"1359","X189",4,156149334,190895519,5978,-0.1531,189
"1360","X189",5,38139,180709589,29977,-0.0169,189
"1361","X189",6,190248,41191487,15891,-0.0225,189
"1362","X189",6,41191929,41196156,3,4.6352,189
"1363","X189",6,41196492,99778648,7746,-0.0508,189
"1364","X189",6,99781118,99793615,2,-4.5055,189
"1365","X189",6,99806408,170909924,13865,-0.0183,189
"1366","X189",7,87646,76429959,11917,-0.0056,189
"1367","X189",7,76432653,76637441,18,1.9397,189
"1368","X189",7,76639871,159070969,12370,-0.0543,189
"1369","X189",8,54746,146287335,25536,-0.0017,189
"1370","X189",9,122459,141011428,20548,0.0211,189
"1371","X189",10,126070,135477825,24065,-0.0392,189
"1372","X189",11,197698,108115526,17417,-0.0198,189
"1373","X189",11,108115587,108117708,2,-4.5845,189
"1374","X189",11,108117787,134941778,5283,-0.0411,189
"1375","X189",12,191619,49673923,9364,-0.021,189
"1376","X189",12,49675152,49691567,21,1.9547,189
"1377","X189",12,49692487,53121884,1155,-0.0333,189
"1378","X189",12,53123803,53124472,2,6.4764,189
"1379","X189",12,53125145,133838994,13842,-0.0383,189
"1380","X189",13,18597296,51060955,5637,-0.0223,189
"1381","X189",13,51064301,51066171,2,4.454,189
"1382","X189",13,51068045,115091019,10388,-0.0664,189
"1383","X189",14,19082146,106487751,15161,0.0174,189
"1384","X189",14,106495531,107162444,29,-4.0117,189
"1385","X189",14,107185809,107287663,15,-0.1432,189
"1386","X189",15,20177092,102398631,14056,0.017,189
"1387","X189",16,93507,52875818,6312,0.0423,189
"1388","X189",16,52876218,52877149,3,-7.0666,189
"1389","X189",16,52878532,90172696,8272,0.074,189
"1390","X189",17,13905,81051007,15994,-0.0025,189
"1391","X189",18,13034,78011963,13884,-0.0269,189
"1392","X189",19,240554,52095577,9923,-0.0741,189
"1393","X189",19,52101508,52105859,3,-5.0742,189
"1394","X189",19,52108930,54549586,696,0.0679,189
"1395","X189",19,54549820,54551098,5,8.515,189
"1396","X189",19,54551282,59094136,1402,-0.155,189
"1397","X189",20,63244,62318220,12600,-0.0175,189
"1398","X189",20,62318856,62319464,2,-8.2161,189
"1399","X189",20,62320968,62910548,404,-0.0668,189
"1400","X189",21,10516758,48100155,5940,-0.0252,189
"1401","X189",22,16055122,51183972,8864,0.01,189
"1402","X189",23,208316,155000485,11641,0.0782,189
"1403","X190",1,798959,11865064,2049,-0.0094,190
"1404","X190",1,11865341,11866595,2,-7.0817,190
"1405","X190",1,11866780,48622095,4999,0.0869,190
"1406","X190",1,48672401,48691564,3,2.3387,190
"1407","X190",1,48695081,204905920,18859,0.0378,190
"1408","X190",1,204906922,204908774,2,12.4742,190
"1409","X190",1,204912094,249217800,8076,4e-04,190
"1410","X190",2,28250,217474433,34698,-0.0906,190
"1411","X190",2,217475199,217477806,4,13.8289,190
"1412","X190",2,217478202,243040173,5786,-0.1179,190
"1413","X190",3,66894,28803294,6239,-0.027,190
"1414","X190",3,28812010,28816082,3,-5.1679,190
"1415","X190",3,28823801,170552971,22056,-0.0124,190
"1416","X190",3,170553303,170555483,2,-6.2257,190
"1417","X190",3,170557417,197899531,4392,0.03,190
"1418","X190",4,71566,7335948,1120,0.0342,190
"1419","X190",4,7339378,7350677,4,-1.8993,190
"1420","X190",4,7352477,100264102,12567,-0.0725,190
"1421","X190",4,100264127,100266197,4,-2.9492,190
"1422","X190",4,100267672,190895519,12974,-0.091,190
"1423","X190",5,38139,78135201,15176,-0.0637,190
"1424","X190",5,78150147,78152192,2,5.6687,190
"1425","X190",5,78180482,100547662,2821,0.0501,190
"1426","X190",5,100552609,100632028,13,3.4747,190
"1427","X190",5,100660062,104212940,388,-0.175,190
"1428","X190",5,104224506,104251851,7,3.6787,190
"1429","X190",5,104269333,180709589,11566,-5e-04,190
"1430","X190",6,190248,29821896,8916,0.0765,190
"1431","X190",6,29821937,29821982,2,6.0799,190
"1432","X190",6,29822082,82174216,12469,0.1423,190
"1433","X190",6,82176420,82177391,2,-5.84,190
"1434","X190",6,82183938,87397732,737,-0.1152,190
"1435","X190",6,87412475,87412973,2,-4.9789,190
"1436","X190",6,87424388,163340367,13914,0.0027,190
"1437","X190",6,163353203,163354979,2,-3.3716,190
"1438","X190",6,163361196,170909924,1465,-0.1175,190
"1439","X190",7,87646,55495109,10435,-0.0292,190
"1440","X190",7,55498417,55514819,4,-1.8716,190
"1441","X190",7,55528546,159070969,13870,-0.0296,190
"1442","X190",8,54746,70856897,12541,-0.0911,190
"1443","X190",8,70859624,70863894,2,3.9921,190
"1444","X190",8,70870856,128343879,8831,0.0355,190
"1445","X190",8,128343948,128344402,2,-26.0255,190
"1446","X190",8,128344410,146287335,4160,-0.0075,190
"1447","X190",9,122459,141011428,20549,-0.0523,190
"1448","X190",10,126070,5784151,1256,-0.0204,190
"1449","X190",10,5784185,5788680,2,3.9,190
"1450","X190",10,5790711,123466168,19937,-0.0118,190
"1451","X190",10,123467204,123468092,2,-4.7835,190
"1452","X190",10,123468677,135477825,2872,-0.1586,190
"1453","X190",11,197698,5322737,1599,0.016,190
"1454","X190",11,5323071,5328816,2,3.5782,190
"1455","X190",11,5331522,134941778,21101,-0.0016,190
"1456","X190",12,191619,133838994,24383,0.0198,190
"1457","X190",13,18597296,23607697,694,-0.0732,190
"1458","X190",13,23612546,23624929,2,3.722,190
"1459","X190",13,23627239,51060955,4940,0.0948,190
"1460","X190",13,51064301,51066171,2,-5.3249,190
"1461","X190",13,51068045,103683448,8061,-0.1572,190
"1462","X190",13,103696748,103703161,10,3.4939,190
"1463","X190",13,103703713,115091019,2316,-0.1487,190
"1464","X190",14,19082146,105992183,15147,-0.2142,190
"1465","X190",14,106016434,106312983,8,4.5407,190
"1466","X190",14,106328999,107287663,50,-0.2445,190
"1467","X190",15,20177092,102398631,14054,0.0402,190
"1468","X190",16,93507,54709210,7291,-0.0106,190
"1469","X190",16,54713198,54725338,4,-3.9554,190
"1470","X190",16,54727937,90172696,7288,-0.0173,190
"1471","X190",17,13905,44163809,8262,0.0757,190
"1472","X190",17,44212310,44788310,62,2.3456,190
"1473","X190",17,44789285,81051007,7674,0.079,190
"1474","X190",18,13034,78011963,13881,-0.0521,190
"1475","X190",19,240554,54549586,10623,0.086,190
"1476","X190",19,54549820,54551098,5,5.1007,190
"1477","X190",19,54551282,59094136,1402,0.0848,190
"1478","X190",20,63244,62910548,13007,0.0074,190
"1479","X190",21,10516758,45349044,5366,-0.096,190
"1480","X190",21,45350031,45356487,3,3.9173,190
"1481","X190",21,45357285,48100155,570,0.0635,190
"1482","X190",22,16055122,22805889,800,0.1746,190
"1483","X190",22,22845240,23141620,22,-2.1252,190
"1484","X190",22,23174622,23262162,11,9.2221,190
"1485","X190",22,23263708,51183972,8033,0.0525,190
"1486","X190",23,208316,155000485,11641,0.0732,190
"1487","X191",1,798959,204062040,25356,0.0797,191
"1488","X191",1,204062992,204066303,2,-4.7261,191
"1489","X191",1,204068110,204905920,550,0.1354,191
"1490","X191",1,204906922,204908774,2,10.254,191
"1491","X191",1,204912094,207573387,842,0.0736,191
"1492","X191",1,207578194,207594943,2,15.9284,191
"1493","X191",1,207595822,249217800,7234,0.065,191
"1494","X191",2,28250,19492579,3680,-0.0051,191
"1495","X191",2,19493148,19495989,3,-3.4501,191
"1496","X191",2,19497003,243040173,36801,-4e-04,191
"1497","X191",3,66894,112938923,18810,0.0578,191
"1498","X191",3,112940553,112942269,2,-6.8278,191
"1499","X191",3,112945111,197899531,13878,0.0858,191
"1500","X191",4,71566,31314816,4816,0.085,191
"1501","X191",4,31316264,31317090,2,-3.6362,191
"1502","X191",4,31319406,190895519,21848,0.0333,191
"1503","X191",5,38139,180709589,29973,0.0702,191
"1504","X191",6,190248,170909924,37510,0.1003,191
"1505","X191",7,87646,159070969,24302,0.0734,191
"1506","X191",8,54746,23640521,6579,0.0691,191
"1507","X191",8,23642390,23649025,4,5.2993,191
"1508","X191",8,23649541,146287335,18951,0.0613,191
"1509","X191",9,122459,16863364,4057,0.0296,191
"1510","X191",9,16864076,16864521,2,-4.8417,191
"1511","X191",9,16865291,16914412,71,0.1173,191
"1512","X191",9,16915021,16916454,4,-5.3486,191
"1513","X191",9,16916802,141011428,16415,0.0829,191
"1514","X191",10,126070,57208210,9454,0.0848,191
"1515","X191",10,57244379,57272932,4,-4.6719,191
"1516","X191",10,57292460,67727223,1655,0.0478,191
"1517","X191",10,67747744,67754155,2,-6.2333,191
"1518","X191",10,67754225,123435817,10023,0.0402,191
"1519","X191",10,123436465,123462451,41,-3.601,191
"1520","X191",10,123462571,135477825,2888,0.0839,191
"1521","X191",11,197698,108175394,17501,0.0725,191
"1522","X191",11,108175535,108177538,2,-4.4281,191
"1523","X191",11,108178738,134941778,5195,0.1133,191
"1524","X191",12,191619,133838994,24382,0.0779,191
"1525","X191",13,18597296,51060955,5635,0.0828,191
"1526","X191",13,51064301,51066171,2,7.3146,191
"1527","X191",13,51068045,115091019,10385,0.0242,191
"1528","X191",14,19082146,107287663,15204,-0.1329,191
"1529","X191",15,20177092,102398631,14054,0.0557,191
"1530","X191",16,93507,90172696,14585,0.0707,191
"1531","X191",17,13905,78233282,15505,0.1203,191
"1532","X191",17,78235460,78236296,2,-6.3775,191
"1533","X191",17,78239532,81051007,489,0.1281,191
"1534","X191",18,13034,69900152,12229,0.0919,191
"1535","X191",18,69906662,69906900,2,-4.7735,191
"1536","X191",18,69912809,78011963,1650,0.1056,191
"1537","X191",19,240554,59094136,12028,0.1195,191
"1538","X191",20,63244,62313878,12598,0.0925,191
"1539","X191",20,62318220,62318856,2,-12.3022,191
"1540","X191",20,62319464,62910548,406,0.0821,191
"1541","X191",21,10516758,40899128,4397,0.0472,191
"1542","X191",21,40907397,40964553,12,2.6709,191
"1543","X191",21,40967471,48100155,1531,0.095,191
"1544","X191",22,16055122,23141620,822,0.101,191
"1545","X191",22,23174622,23262162,11,9.3353,191
"1546","X191",22,23263708,51183972,8030,0.1068,191
"1547","X191",23,208316,9486635,710,0.1601,191
"1548","X191",23,9487067,9487067,2,8.3875,191
"1549","X191",23,9488248,155000485,10930,0.0946,191
"1550","X192",1,798959,189678231,23316,-0.082,192
"1551","X192",1,189730339,189781569,10,-6.6547,192
"1552","X192",1,189784863,204905920,2579,-0.0772,192
"1553","X192",1,204906922,204908774,2,15.1926,192
"1554","X192",1,204912094,249217800,8079,-0.0837,192
"1555","X192",2,28250,97479941,17582,-0.1639,192
"1556","X192",2,97500775,97508678,2,-6.6378,192
"1557","X192",2,97512059,243040173,22900,-0.146,192
"1558","X192",3,66894,159457445,26335,-0.0573,192
"1559","X192",3,159461558,159462903,2,-5.9992,192
"1560","X192",3,159477436,170552971,1963,-0.0266,192
"1561","X192",3,170553303,170555483,2,-5.9584,192
"1562","X192",3,170557417,197899531,4390,-0.0244,192
"1563","X192",4,71566,190895519,26667,-0.0477,192
"1564","X192",5,38139,104424956,18429,-0.0431,192
"1565","X192",5,104436002,104486508,2,-4.868,192
"1566","X192",5,104494294,180709589,11546,-0.082,192
"1567","X192",6,190248,29821896,8914,-0.0866,192
"1568","X192",6,29821937,29821982,2,-15.7415,192
"1569","X192",6,29822082,170909924,28592,-0.054,192
"1570","X192",7,87646,159070969,24310,-0.0444,192
"1571","X192",8,54746,146287335,25538,-0.0477,192
"1572","X192",9,122459,16881914,4077,-0.0876,192
"1573","X192",9,16883602,16884586,2,3.7502,192
"1574","X192",9,16885017,38772575,4161,-0.0551,192
"1575","X192",9,38808947,39154913,13,1.9757,192
"1576","X192",9,42938804,110955408,6706,-0.0535,192
"1577","X192",9,110956500,110958843,2,5.3501,192
"1578","X192",9,110959027,141011428,5586,-0.047,192
"1579","X192",10,126070,135477825,24070,-0.0602,192
"1580","X192",11,197698,134941778,22702,-0.0831,192
"1581","X192",12,191619,133838994,24386,-0.0631,192
"1582","X192",13,18597296,115091019,16027,-0.0428,192
"1583","X192",14,19082146,70013328,9170,-0.365,192
"1584","X192",14,70031365,70054406,2,6.81,192
"1585","X192",14,70058292,106127330,5975,-0.4807,192
"1586","X192",14,106259769,106312983,5,-14.2468,192
"1587","X192",14,106328999,107287663,50,-0.7448,192
"1588","X192",15,20177092,102398631,14054,-0.0703,192
"1589","X192",16,93507,12680330,2642,-0.0551,192
"1590","X192",16,12684324,12715480,14,1.9756,192
"1591","X192",16,12716393,90172696,11929,-0.0486,192
"1592","X192",17,13905,81051007,15999,-0.0687,192
"1593","X192",18,13034,30497123,5795,-0.0254,192
"1594","X192",18,30499432,30501725,2,-5.8932,192
"1595","X192",18,30501725,75822359,7569,-0.0133,192
"1596","X192",18,75829588,75837574,2,-5.4803,192
"1597","X192",18,75838302,78011963,516,0.1179,192
"1598","X192",19,240554,54549820,10623,-0.117,192
"1599","X192",19,54550487,54551098,4,12.2885,192
"1600","X192",19,54551282,59094136,1402,-0.1456,192
"1601","X192",20,63244,62313878,12598,-0.053,192
"1602","X192",20,62318220,62318856,2,9.2801,192
"1603","X192",20,62319464,62910548,406,0.0077,192
"1604","X192",21,10516758,48100155,5940,-0.0439,192
"1605","X192",22,16055122,22413793,747,0.0195,192
"1606","X192",22,22418813,22861994,56,-4.053,192
"1607","X192",22,22873246,23113935,18,-1.5672,192
"1608","X192",22,23141620,23262162,12,-17.9155,192
"1609","X192",22,23263708,43174413,5858,-0.0644,192
"1610","X192",22,43176251,43183391,3,-5.3334,192
"1611","X192",22,43186764,51183972,2172,0.0161,192
"1612","X192",23,208316,9486635,710,0.5382,192
"1613","X192",23,9487067,9487067,2,8.5676,192
"1614","X192",23,9488248,155000485,10933,0.3139,192
